"IdCandidatoWeb","Candidato","Partido","TemaCodigo","Tema","PropuestaCorta","PropuestaDetalle","Fuentes","CantidadFuentes","FuenteDataset"
"rla","Rafael López Aliaga","Renovación Popular","seguridad","Seguridad","Más patrullaje e inteligencia; endurecer penas.","Respaldó estados de emergencia en Lima y pidió medidas “drásticas y urgentes” contra el crimen; énfasis en soporte tecnológico y coordinación interinstitucional.","https://www.tvperu.gob.pe/noticias/nacionales/rafael-lopez-aliaga-tenemos-registro-de-que-el-estado-de-emergencia-en-lima-si-nos-ha-funcionado; https://andina.pe/agencia/noticia-alcalde-lima-pide-aplicar-medidas-drasticas-y-urgentes-contra-delincuencia-1048236.aspx; https://www.infobae.com/peru/2023/10/10/rafael-lopez-aliaga-se-refirio-al-estado-de-emergencia-anunciado-en-lince-y-cercado-de-lima/","3","https://candidatosperu2026.neocities.org/"
"rla","Rafael López Aliaga","Renovación Popular","educacion","Educacion","Meritocracia y gestión por resultados.","Sin documento propio reciente con metas/presupuesto. El plan RP 2021 contiene ejes sociales y educativos (histórico).","https://mpesije.jne.gob.pe/docs/e5c14965-b72b-475c-bcb5-f5faa0534932.pdf","1","https://candidatosperu2026.neocities.org/"
"rla","Rafael López Aliaga","Renovación Popular","mineria","Mineria","Promoción con estabilidad jurídica.","No se halló propuesta minera propia con indicadores en 2024–2025.","","0","https://candidatosperu2026.neocities.org/"
"rla","Rafael López Aliaga","Renovación Popular","produccion","Produccion","Simplificación de trámites.","Sin lineamientos productivos detallados recientes; referencias históricas en plan RP 2021.","https://mpesije.jne.gob.pe/docs/e5c14965-b72b-475c-bcb5-f5faa0534932.pdf","1","https://candidatosperu2026.neocities.org/"
"rla","Rafael López Aliaga","Renovación Popular","economia","Economia","Competitividad y disciplina fiscal.","Plantea que Petroperú no sea rescatada con recursos públicos y propone entregarla a sus trabajadores como salida a la crisis.","https://www.infobae.com/peru/2025/07/04/rafael-lopez-aliaga-sugiere-entregar-petroperu-a-sus-trabajadores-y-advierte-vacancia-de-dina-boluarte-si-hay-rescate-financiero/","1","https://candidatosperu2026.neocities.org/"
"rla","Rafael López Aliaga","Renovación Popular","social","Social","Defensa de la familia tradicional.","Postura pública “provida”: rechaza la legalización del aborto bajo cualquier circunstancia.","https://canaln.pe/actualidad/rafael-lopez-aliaga-aborto-no-pude-legalizado-peru-ninguna-circunstancia-n432281; https://gestion.pe/peru/politica/el-aborto-no-pude-ser-legalizado-en-el-peru-en-ninguna-circunstancia-senala-rafael-lopez-aliaga-noticia/; https://www.infobae.com/peru/2024/07/05/rafael-lopez-aliaga-ataca-al-movimiento-que-reclama-el-derecho-al-aborto-un-fango-verde-estamos-hechos-para-derrotar-a-esas-mareas/","3","https://candidatosperu2026.neocities.org/"
"kf","Keiko Fujimori","Fuerza Popular","seguridad","Seguridad","Endurecer penas y reforzar PNP.","Su discurso prioriza “mano dura” contra crimen organizado, refuerzo de inteligencia y control penitenciario; sin embargo, no hallé un plan sectorial propio 2024–2025 firmado por la candidata con metas y presupuesto. El referente verificable más reciente sigue siendo el plan partidario 2021 y entrevistas previas.","https://apisije-e.jne.gob.pe/TRAMITE/ESCRITO/1095/ARCHIVO/FIRMADO/3017.PDF","1","https://candidatosperu2026.neocities.org/"
"kf","Keiko Fujimori","Fuerza Popular","educacion","Educacion","Infraestructura y meritocracia.","Elevar calidad con meritocracia docente (evaluación y formación), cerrar brechas de infraestructura (agua/saneamiento/aulas seguras), conectividad y recuperación de aprendizajes. Gestión con medición periódica y fortalecimiento de la carrera magisterial. No hay nuevo plan propio 2024–2025; se toma como referencia el documento 2021.","https://apisije-e.jne.gob.pe/TRAMITE/ESCRITO/1095/ARCHIVO/FIRMADO/3017.PDF","1","https://candidatosperu2026.neocities.org/"
"kf","Keiko Fujimori","Fuerza Popular","mineria","Mineria","Estabilidad y atracción de inversión.","Promueve inversión con estabilidad jurídica y fiscalización socioambiental; prevención/gestión de conflictos y fortalecimiento de SENACE/OEFA. En minería ilegal, control y formalización. Sin plan propio 2024–2025; marco: plan 2021.","https://apisije-e.jne.gob.pe/TRAMITE/ESCRITO/1095/ARCHIVO/FIRMADO/3017.PDF","1","https://candidatosperu2026.neocities.org/"
"kf","Keiko Fujimori","Fuerza Popular","produccion","Produccion","Clima proempresa; formalización.","Infraestructura logística (vial, portuaria, aeroportuaria y digital), simplificación regulatoria y crédito MYPE para productividad y empleo. Impulso de clusters y APP. Sin actualización 2024–2025 publicada por la candidata; rige el plan 2021 como referencia verificable.","https://apisije-e.jne.gob.pe/TRAMITE/ESCRITO/1095/ARCHIVO/FIRMADO/3017.PDF","1","https://candidatosperu2026.neocities.org/"
"kf","Keiko Fujimori","Fuerza Popular","economia","Economia","Economía social de mercado.","Estabilidad macro (disciplina fiscal/monetaria), atracción de inversión, formalización y APP. Discurso reciente mantiene énfasis en empleo formal y confianza; no hay marco macro propio 2024–2025 con metas públicas.","https://apisije-e.jne.gob.pe/TRAMITE/ESCRITO/1095/ARCHIVO/FIRMADO/3017.PDF; https://www.reuters.com/world/americas/perus-keiko-fujimori-announces-fourth-bid-presidency-2025-10-31/","2","https://candidatosperu2026.neocities.org/"
"kf","Keiko Fujimori","Fuerza Popular","social","Social","Conservadora en temas de familia.","Programas focalizados (nutrición infantil, salud primaria, agua/saneamiento) y transparencia del gasto social. En temas de valores, mantiene postura provida con excepción del aborto terapéutico (posiciones públicas previas).","https://apisije-e.jne.gob.pe/TRAMITE/ESCRITO/1095/ARCHIVO/FIRMADO/3017.PDF; https://rpp.pe/politica/elecciones/sobre-el-aborto-union-civil-y-eutanasia-por-keiko-fujimori-noticia-1323922","2","https://candidatosperu2026.neocities.org/"
"ca","César Acuña","Alianza para el Progreso","seguridad","Seguridad","Tolerancia cero; patrullaje municipal.","“Tolerancia cero” con rol municipal: patrullaje integrado, cámaras y serenazgo coordinado con PNP. Prevención con deporte y recuperación de espacios públicos.","https://app.pe/; https://www.youtube.com/watch?v=KJqbR-XDWHY","2","https://candidatosperu2026.neocities.org/"
"ca","César Acuña","Alianza para el Progreso","educacion","Educacion","Cobertura y calidad.","Becas y ampliación de cobertura, con calidad y pertinencia laboral. Evaluación docente con incentivos y fortalecimiento de educación técnica.","https://app.pe/","1","https://candidatosperu2026.neocities.org/"
"ca","César Acuña","Alianza para el Progreso","mineria","Mineria","Proinversión con reglas claras.","Proinversión responsable: estabilidad de reglas, respeto socioambiental y uso de OxI para cerrar brechas en zonas de influencia.","https://es.wikipedia.org/wiki/C%C3%A9sar_Acu%C3%B1a","1","https://candidatosperu2026.neocities.org/"
"ca","César Acuña","Alianza para el Progreso","produccion","Produccion","Obras por impuestos; apoyo MYPES.","Impulso a MYPES con compras estatales, simplificación y digitalización. APP y OxI para infraestructura logística y de riego.","https://app.pe/","1","https://candidatosperu2026.neocities.org/"
"ca","César Acuña","Alianza para el Progreso","economia","Economia","Gasto focalizado y disciplina.","Disciplina fiscal y gasto focalizado en infraestructura y programas efectivos. Alianzas público-privadas como motor de empleo.","https://app.pe/","1","https://candidatosperu2026.neocities.org/"
"ca","César Acuña","Alianza para el Progreso","social","Social","Conservador moderado.","Conservador moderado; lucha contra pobreza con resultados medibles y expansión de servicios básicos.","https://es.wikipedia.org/wiki/C%C3%A9sar_Acu%C3%B1a","1","https://candidatosperu2026.neocities.org/"
"gf","George Forsyth","Somos Perú","seguridad","Seguridad","Coordinación PNP–municipios; videovigilancia.","Gestión operativa: cámaras, analítica y patrullaje integrado PNP–municipios. Recuperación de espacios (modelo Gamarra). Foco en extorsión y microcomercialización.","https://www.youtube.com/watch?v=vrEhkJg8iKo; https://es.wikipedia.org/wiki/George_Forsyth","2","https://candidatosperu2026.neocities.org/"
"gf","George Forsyth","Somos Perú","educacion","Educacion","Infraestructura y deporte.","Deporte y cultura cívica como prevención. Infraestructura básica y conectividad. Educación técnica para empleabilidad juvenil.","https://somosperu.org.pe/","1","https://candidatosperu2026.neocities.org/"
"gf","George Forsyth","Somos Perú","mineria","Mineria","Proinversión cumpliendo normas.","Proinversión con cumplimiento de normas y diálogo temprano. Seguridad jurídica y permisos ágiles con fiscalización.","https://es.wikipedia.org/wiki/George_Forsyth","1","https://candidatosperu2026.neocities.org/"
"gf","George Forsyth","Somos Perú","produccion","Produccion","Apoyo a emprendedores.","Facilitar comercio y MYPES (caso Gamarra): orden del espacio público, simplificación y control de mafias/contrabando. Acceso a microcrédito.","https://www.youtube.com/watch?v=vrEhkJg8iKo","1","https://candidatosperu2026.neocities.org/"
"gf","George Forsyth","Somos Perú","economia","Economia","Promercado.","Promercado con gestión territorial eficiente como palanca de productividad. Reducción de costos logísticos y digitalización.","https://es.wikipedia.org/wiki/George_Forsyth","1","https://candidatosperu2026.neocities.org/"
"gf","George Forsyth","Somos Perú","social","Social","Conservador moderado.","Conservador moderado; énfasis en seguridad, oportunidades para jóvenes y servicios locales.","https://es.wikipedia.org/wiki/George_Forsyth","1","https://candidatosperu2026.neocities.org/"
"yl","Yonhy Lescano","Cooperación Popular","seguridad","Seguridad","Prevención y fortalecimiento PNP.","Prevención con políticas sociales en barrios vulnerables; mejor equipamiento y formación de PNP; reforma de justicia para combatir impunidad.","https://es.wikipedia.org/wiki/Yonhy_Lescano; https://www.youtube.com/watch?v=rp_EtZgYLFs","2","https://candidatosperu2026.neocities.org/"
"yl","Yonhy Lescano","Cooperación Popular","educacion","Educacion","Mayor presupuesto y calidad pública.","Aumento sostenido del presupuesto para la educación pública, priorizando escuelas rurales, conectividad y carrera docente.","https://es.wikipedia.org/wiki/Yonhy_Lescano","1","https://candidatosperu2026.neocities.org/"
"yl","Yonhy Lescano","Cooperación Popular","mineria","Mineria","Renegociar contratos y mayor canon.","Renegociación de contratos para mayor captura de renta y canon con estándares ambientales y consulta previa efectiva.","https://es.wikipedia.org/wiki/Yonhy_Lescano","1","https://candidatosperu2026.neocities.org/"
"yl","Yonhy Lescano","Cooperación Popular","produccion","Produccion","Compras públicas a MYPES.","Compras estatales a MYPES/cooperativas, lucha contra oligopolios y crédito/ asistencia técnica estatal.","https://es.wikipedia.org/wiki/Yonhy_Lescano","1","https://candidatosperu2026.neocities.org/"
"yl","Yonhy Lescano","Cooperación Popular","economia","Economia","Mixta con rol estatal.","Modelo mixto: mercado con regulación fuerte donde existan fallas (servicios, competencia) y Estado promotor en infraestructura.","https://es.wikipedia.org/wiki/Yonhy_Lescano","1","https://candidatosperu2026.neocities.org/"
"yl","Yonhy Lescano","Cooperación Popular","social","Social","Progresista moderado.","Progresismo moderado en derechos y protección al consumidor; prioridad a salud, educación y reducción de desigualdad.","https://es.wikipedia.org/wiki/Yonhy_Lescano","1","https://candidatosperu2026.neocities.org/"
"alc","Alfonso López Chau","Ahora Nación","seguridad","Seguridad","Fortalecer instituciones; prevención.","Propone reorganizar la Policía “de arriba abajo” y reinstalar la Policía de Investigaciones del Perú (PIP). Sugiere colocar policías armados de forma aleatoria en ómnibus y modernizar laboratorios e investigación con apoyo tecnológico.","https://ojo-publico.com/entrevistas/alfonso-lopez-chau-creo-que-necesitamos-una-nueva-constitucion; https://larepublica.pe/politica/2025/05/12/alfonso-lopez-chau-el-rector-de-la-uni-que-busca-ser-presidente-del-peru-con-economia-nacional-de-mercado-hnews-476949","2","https://candidatosperu2026.neocities.org/"
"alc","Alfonso López Chau","Ahora Nación","educacion","Educacion","Impulso a universidades y CyT.","Dice haber presentado un plan estratégico en educación que no requiere mayor gasto y enfatiza “educación de excelencia”, ciencia y tecnología; plantea fortalecer la educación pública.","https://larepublica.pe/politica/2025/05/12/alfonso-lopez-chau-el-rector-de-la-uni-que-busca-ser-presidente-del-peru-con-economia-nacional-de-mercado-hnews-476949; https://www.facebook.com/reel/1901732980405152","2","https://candidatosperu2026.neocities.org/"
"alc","Alfonso López Chau","Ahora Nación","mineria","Mineria","Mayor transformación local.","Se compromete a “atender conflictos mineros” y vincula la criminalidad con economías ilegales como la minería ilegal, a las que enfrentaría con la reorganización policial.","https://elbuho.pe/2025/07/alfonso-lopez-chau-el-peru-necesita-culminar-su-proceso-de-construccion-nacional/; https://ojo-publico.com/entrevistas/alfonso-lopez-chau-creo-que-necesitamos-una-nueva-constitucion","2","https://candidatosperu2026.neocities.org/"
"alc","Alfonso López Chau","Ahora Nación","produccion","Produccion","Política industrial selectiva.","Plantea impulsar la transformación productiva con hidrógeno verde como pilar industrial. Además, se compromete a culminar el Gasoducto Sur para masificar el gas.","https://actualidadminera.com/rector_uni-2/; https://elbuho.pe/2025/07/promesa-realista-o-imposible-lopez-chau-promete-culminar-el-gasoducto-del-sur-si-llega-al-poder-video/","2","https://candidatosperu2026.neocities.org/"
"alc","Alfonso López Chau","Ahora Nación","economia","Economia","Mixta con énfasis productivo.","Defiende una “economía nacional (y social) de mercado” y la “sociedad de tres manos”: mercado, Estado y solidaridad. Promueve alianzas Estado-privado e industrialización (cita el caso de la Marina con Corea).","https://larepublica.pe/politica/2025/05/12/alfonso-lopez-chau-el-rector-de-la-uni-que-busca-ser-presidente-del-peru-con-economia-nacional-de-mercado-hnews-476949","1","https://candidatosperu2026.neocities.org/"
"alc","Alfonso López Chau","Ahora Nación","social","Social","Acceso a educación y salud.","Prioriza la justicia social y la cohesión social; propone una nueva Constitución para encausar ese proyecto nacional y “todo el poder a las regiones”","https://ojo-publico.com/entrevistas/alfonso-lopez-chau-creo-que-necesitamos-una-nueva-constitucion","1","https://candidatosperu2026.neocities.org/"
"mv","Mario Vizcarra","Perú Primero","seguridad","Seguridad","Institucionalidad y prevención.","","","0","https://candidatosperu2026.neocities.org/"
"mv","Mario Vizcarra","Perú Primero","educacion","Educacion","Calidad y acceso.","","","0","https://candidatosperu2026.neocities.org/"
"mv","Mario Vizcarra","Perú Primero","mineria","Mineria","Estabilidad y formalidad.","","","0","https://candidatosperu2026.neocities.org/"
"mv","Mario Vizcarra","Perú Primero","produccion","Produccion","Productividad y competitividad.","","","0","https://candidatosperu2026.neocities.org/"
"mv","Mario Vizcarra","Perú Primero","economia","Economia","Disciplina fiscal.","","","0","https://candidatosperu2026.neocities.org/"
"mv","Mario Vizcarra","Perú Primero","social","Social","Moderado.","","","0","https://candidatosperu2026.neocities.org/"
"apb","Álvaro Paz de la Barra","Fe en el Perú","seguridad","Seguridad","Endurecer penas; expulsión de delincuentes extranjeros.","","","0","https://candidatosperu2026.neocities.org/"
"apb","Álvaro Paz de la Barra","Fe en el Perú","educacion","Educacion","Prevención desde municipios.","","","0","https://candidatosperu2026.neocities.org/"
"apb","Álvaro Paz de la Barra","Fe en el Perú","mineria","Mineria","Proinversión cumpliendo normas.","","","0","https://candidatosperu2026.neocities.org/"
"apb","Álvaro Paz de la Barra","Fe en el Perú","produccion","Produccion","Obras y servicios básicos.","","","0","https://candidatosperu2026.neocities.org/"
"apb","Álvaro Paz de la Barra","Fe en el Perú","economia","Economia","Promercado.","","","0","https://candidatosperu2026.neocities.org/"
"apb","Álvaro Paz de la Barra","Fe en el Perú","social","Social","Conservador.","","","0","https://candidatosperu2026.neocities.org/"
"ca2","Carlos Álvarez","País para Todos","seguridad","Seguridad","Endurecer penas; control de frontera.","Plantea pena de muerte para sicarios y violadores, retirar al Perú del Pacto de San José y “mano de hierro” contra el crimen; promueve construir más cárceles/megapenales.","https://www.facebook.com/watch/?v=1815023379353449; https://rpp.pe/peru/actualidad/carlos-alvarez-anuncia-su-disposicion-de-postular-a-la-presidencia-y-propone-pena-de-muerte-contra-criminales-noticia-1625714","2","https://candidatosperu2026.neocities.org/"
"ca2","Carlos Álvarez","País para Todos","educacion","Educacion","Énfasis en civismo y valores.","NO HAY","","0","https://candidatosperu2026.neocities.org/"
"ca2","Carlos Álvarez","País para Todos","mineria","Mineria","Proinversión con control.","NO HAY","","0","https://candidatosperu2026.neocities.org/"
"ca2","Carlos Álvarez","País para Todos","produccion","Produccion","Menos burocracia.","NO HAY","","0","https://candidatosperu2026.neocities.org/"
"ca2","Carlos Álvarez","País para Todos","economia","Economia","Promercado.","Afirma “creer en las empresas del Estado” y plantea reestructurar Petroperú (declaraciones en entrevista reciente); esto generó críticas públicas.","https://altavoz.pe/politica/carlos-alvarez-yo-creo-en-las-empresas-del-estado/; https://willax.pe/politica/rafael-lopez-aliaga-carlos-alvarez-petroperu-willax","2","https://candidatosperu2026.neocities.org/"
"ca2","Carlos Álvarez","País para Todos","social","Social","Conservador.","Se define por un enfoque “pragmático” centrado en servicios básicos y lucha anticorrupción (sin mayor detalle programático público)","https://rpp.pe/politica/elecciones/carlos-alvarez-no-soy-ni-de-izquierda-ni-de-derecha-ni-de-centro-el-gobernante-que-llegue-al-2026-debe-ser-pragmatico-noticia-1653430; https://caretas.pe/home_web/home_principal_secundario/carlos-alvarez-propone-un-gobierno-sin-etiquetas-ni-izquierda-ni-derecha-solo-sentido-comun/","2","https://candidatosperu2026.neocities.org/"
"rb2","Ricardo Belmont","Partido Cívico OBRAS","seguridad","Seguridad","Mano dura y control migratorio.","En campaña anterior propuso “Policía de Barrio” y reforzar investigación criminal como eje de seguridad ciudadana (video oficial de Andina).","https://andina.pe/agencia/video-propuesta-ricardo-belmont-sobre-seguridad-ciudadana-45257.aspx","1","https://candidatosperu2026.neocities.org/"
"rb2","Ricardo Belmont","Partido Cívico OBRAS","educacion","Educacion","Valores tradicionales.","NO HAY","","0","https://candidatosperu2026.neocities.org/"
"rb2","Ricardo Belmont","Partido Cívico OBRAS","mineria","Mineria","Renegociación de contratos.","En transmisiones recientes, menciona mantener la “propiedad del litio” en manos peruanas (enlace a su página oficial de Facebook con el clip de entrevista).","https://www.facebook.com/watch/?v=1883043565899577","1","https://candidatosperu2026.neocities.org/"
"rb2","Ricardo Belmont","Partido Cívico OBRAS","produccion","Produccion","Soberanía económica.","NO HAY","","0","https://candidatosperu2026.neocities.org/"
"rb2","Ricardo Belmont","Partido Cívico OBRAS","economia","Economia","Intervención selectiva.","NO HAY","","0","https://candidatosperu2026.neocities.org/"
"rb2","Ricardo Belmont","Partido Cívico OBRAS","social","Social","Conservador.","En transmisión pública afirmó: “quisiera que esta Constitución (la del 93) se fuera a la basura” y consideró que “una Asamblea Constituyente no sería mala idea”","https://www.facebook.com/watch/?v=1557959071838300","1","https://candidatosperu2026.neocities.org/"
"jn","Jorge Nieto","Partido del Buen Gobierno","seguridad","Seguridad","Reforma policial y prevención social.","Propone “empoderar a la PNP”, retomar “unidades especializadas” exitosas contra asaltos y secuestros, y combatir la corrupción en Policía y Fiscalía como 3 ejes concretos. En su web partidaria define un país “seguro y en paz” con un Estado que asuma la lucha contra el crimen.","https://rpp.pe/politica/elecciones/exministro-jorge-nieto-anuncia-la-inscripcion-de-su-organizacion-politica-partido-del-buen-gobierno-de-cara-a-las-elecciones-2026-noticia-1568202; https://www.partidodelbuengobierno.pe/seguridad.php","2","https://candidatosperu2026.neocities.org/"
"jn","Jorge Nieto","Partido del Buen Gobierno","educacion","Educacion","Meritocracia y calidad docente.","Plantea una reforma educativa “igualadora” con enfoque humanista: escuelas conectadas e internet gratuito y de calidad; inversión en infraestructura y seguridad alimentaria; seguros de salud escolar; fortalecimiento de formación técnica y becas para estudiantes y docentes.","https://partidodelbuengobierno.pe/educacion.php","1","https://candidatosperu2026.neocities.org/"
"jn","Jorge Nieto","Partido del Buen Gobierno","mineria","Mineria","Proinversión con participación local.","NO HAY","","0","https://candidatosperu2026.neocities.org/"
"jn","Jorge Nieto","Partido del Buen Gobierno","produccion","Produccion","Productividad y apoyo a MYPES.","Promueve inversión pública en infraestructura con foco en conectividad y productividad territorial; articulación público-privada para empleo digno y “desarrollo de infraestructuras” como palanca de crecimiento.","https://www.partidodelbuengobierno.pe/promocion-empleo-desarrollo-infraestructura.php","1","https://candidatosperu2026.neocities.org/"
"jn","Jorge Nieto","Partido del Buen Gobierno","economia","Economia","Promercado regulado.","Eje de “Economía y reforma fiscal”: impulsar competitividad vía exportaciones, compras públicas y mercado interno; fortalecer emprendimientos urbanos y agricultura familiar; crecimiento con estabilidad macroeconómica. Además, ha declarado que el Perú puede llegar a ser la economía N.º 25 al 2050 (meta de largo plazo).","https://www.partidodelbuengobierno.pe/economia-reforma-fiscal.php; https://www.exitosanoticias.pe/politica/jorge-nieto-asegura-peru-puede-llegar-ser-economia-n25-mundo-lo-vamos-lograr-2050-n133210","2","https://candidatosperu2026.neocities.org/"
"jn","Jorge Nieto","Partido del Buen Gobierno","social","Social","Liberal moderado.","Lineamientos generales: “recuperar el Estado para el interés público”, políticas contra las desigualdades y protección de mujeres, con énfasis territorial (Amazonía, Sierra, Mar, ciudades sostenibles). Declaración pública programática en el “Llamamiento” del partido.","https://www.partidodelbuengobierno.pe/llamamiento.php","1","https://candidatosperu2026.neocities.org/"
"ag","Álex Gonzales","Partido Demócrata Verde","seguridad","Seguridad","Orden municipal y salud pública.","","","0","https://candidatosperu2026.neocities.org/"
"ag","Álex Gonzales","Partido Demócrata Verde","educacion","Educacion","Educación ambiental.","","","0","https://candidatosperu2026.neocities.org/"
"ag","Álex Gonzales","Partido Demócrata Verde","mineria","Mineria","Formalización y mayores exigencias ambientales.","","","0","https://candidatosperu2026.neocities.org/"
"ag","Álex Gonzales","Partido Demócrata Verde","produccion","Produccion","Economía circular.","","","0","https://candidatosperu2026.neocities.org/"
"ag","Álex Gonzales","Partido Demócrata Verde","economia","Economia","Regulación ambiental.","","","0","https://candidatosperu2026.neocities.org/"
"ag","Álex Gonzales","Partido Demócrata Verde","social","Social","Espacios públicos y salud.","","","0","https://candidatosperu2026.neocities.org/"
"fo","Fernando Olivera","Frente de la Esperanza","seguridad","Seguridad","Depuración policial y judicial.","","","0","https://candidatosperu2026.neocities.org/"
"fo","Fernando Olivera","Frente de la Esperanza","educacion","Educacion","Ética pública.","","","0","https://candidatosperu2026.neocities.org/"
"fo","Fernando Olivera","Frente de la Esperanza","mineria","Mineria","Revisión de contratos irregulares.","","","0","https://candidatosperu2026.neocities.org/"
"fo","Fernando Olivera","Frente de la Esperanza","produccion","Produccion","Compras transparentes.","","","0","https://candidatosperu2026.neocities.org/"
"fo","Fernando Olivera","Frente de la Esperanza","economia","Economia","Competencia con lucha anticorrupción.","","","0","https://candidatosperu2026.neocities.org/"
"fo","Fernando Olivera","Frente de la Esperanza","social","Social","Institucionalismo.","","","0","https://candidatosperu2026.neocities.org/"
"mg","Mariano González","Salvemos al Perú","seguridad","Seguridad","Reforma de inteligencia; crimen organizado.","","","0","https://candidatosperu2026.neocities.org/"
"mg","Mariano González","Salvemos al Perú","educacion","Educacion","Gestión por resultados.","","","0","https://candidatosperu2026.neocities.org/"
"mg","Mariano González","Salvemos al Perú","mineria","Mineria","Promercado.","","","0","https://candidatosperu2026.neocities.org/"
"mg","Mariano González","Salvemos al Perú","produccion","Produccion","Eficiencia estatal.","","","0","https://candidatosperu2026.neocities.org/"
"mg","Mariano González","Salvemos al Perú","economia","Economia","Promercado.","","","0","https://candidatosperu2026.neocities.org/"
"mg","Mariano González","Salvemos al Perú","social","Social","Conservador.","","","0","https://candidatosperu2026.neocities.org/"
"af","Arturo Fernández","Un Camino Diferente","seguridad","Seguridad","Retórica punitiva (“meter bala”).","","","0","https://candidatosperu2026.neocities.org/"
"af","Arturo Fernández","Un Camino Diferente","educacion","Educacion","Orden local y enfoque moralista.","","","0","https://candidatosperu2026.neocities.org/"
"af","Arturo Fernández","Un Camino Diferente","mineria","Mineria","Gestión directa (retórica).","","","0","https://candidatosperu2026.neocities.org/"
"af","Arturo Fernández","Un Camino Diferente","produccion","Produccion","Obras rápidas; menos trámites.","","","0","https://candidatosperu2026.neocities.org/"
"af","Arturo Fernández","Un Camino Diferente","economia","Economia","Pragmatismo local.","","","0","https://candidatosperu2026.neocities.org/"
"af","Arturo Fernández","Un Camino Diferente","social","Social","Estilo confrontacional.","","","0","https://candidatosperu2026.neocities.org/"
"fm","Fiorella Molinelli","Alianza Fuerza y Libertad","seguridad","Seguridad","Prevención desde salud/territorio.","","","0","https://candidatosperu2026.neocities.org/"
"fm","Fiorella Molinelli","Alianza Fuerza y Libertad","educacion","Educacion","Capital humano y salud preventiva.","","","0","https://candidatosperu2026.neocities.org/"
"fm","Fiorella Molinelli","Alianza Fuerza y Libertad","mineria","Mineria","Regulación técnica.","","","0","https://candidatosperu2026.neocities.org/"
"fm","Fiorella Molinelli","Alianza Fuerza y Libertad","produccion","Produccion","Eficiencia del gasto; APPs.","","","0","https://candidatosperu2026.neocities.org/"
"fm","Fiorella Molinelli","Alianza Fuerza y Libertad","economia","Economia","Promercado.","","","0","https://candidatosperu2026.neocities.org/"
"fm","Fiorella Molinelli","Alianza Fuerza y Libertad","social","Social","Salud pública.","","","0","https://candidatosperu2026.neocities.org/"
"rs","Roberto Sánchez","Juntos por el Perú","seguridad","Seguridad","Prevención social y fortalecimiento PNP.","","","0","https://candidatosperu2026.neocities.org/"
"rs","Roberto Sánchez","Juntos por el Perú","educacion","Educacion","Mayor inversión y gratuidad efectiva.","","","0","https://candidatosperu2026.neocities.org/"
"rs","Roberto Sánchez","Juntos por el Perú","mineria","Mineria","Consulta previa y contratos más redistributivos.","","","0","https://candidatosperu2026.neocities.org/"
"rs","Roberto Sánchez","Juntos por el Perú","produccion","Produccion","Apoyo a cooperativas y economía popular.","","","0","https://candidatosperu2026.neocities.org/"
"rs","Roberto Sánchez","Juntos por el Perú","economia","Economia","Estado activo.","","","0","https://candidatosperu2026.neocities.org/"
"rs","Roberto Sánchez","Juntos por el Perú","social","Social","Progresista.","","","0","https://candidatosperu2026.neocities.org/"
"apra","Jorge del Castillo","Partido Aprista Peruano","seguridad","Seguridad","“Política de Estado” contra el crimen; coordinación interinstitucional.","Aborda la seguridad como política de Estado, con articulación intersectorial e inteligencia. No se halló plan vigente firmado por él con medidas específicas.","https://acuerdonacional.pe/politicas-de-estado-del-acuerdo-nacional/politicas-de-estado/politicas-de-estado-castellano/","1","https://candidatosperu2026.neocities.org/"
"apra","Jorge del Castillo","Partido Aprista Peruano","educacion","Educacion","Énfasis en calidad docente e infraestructura (antecedentes 2006–2011).","Continuidad de evaluación docente, infraestructura y aprendizajes durante el gobierno 2006–2011 del que fue premier (balance académico independiente).","https://cies.org.pe/wp-content/uploads/2022/09/251.-La-politica-educativa-durante-el-primer-ano-del-gobierno-aprista.pdf","1","https://candidatosperu2026.neocities.org/"
"apra","Jorge del Castillo","Partido Aprista Peruano","mineria","Mineria","Estabilidad jurídica y gestión de conflictos desde PCM (2006–2008).","Énfasis en estabilidad jurídica, cumplimiento ambiental y gestión de conflictos desde la PCM en su periodo.","https://cde.3.elcomercio.pe/doc/0/1/2/8/9/1289274.pdf","1","https://candidatosperu2026.neocities.org/"
"apra","Jorge del Castillo","Partido Aprista Peruano","produccion","Produccion","Formalización, MYPE y competitividad (planes programáticos).","Formalización y apoyo a MYPE; comparación de planes 2016–2021 frente a Políticas de Estado del Acuerdo Nacional.","https://acuerdonacional.pe/wp-content/uploads/2016/03/Politicas-de-Estado-y-Planes-de-Gobierno-2016_2021.pdf; https://cde.3.elcomercio.pe/doc/0/1/2/8/9/1289274.pdf","2","https://candidatosperu2026.neocities.org/"
"apra","Jorge del Castillo","Partido Aprista Peruano","economia","Economia","Estabilidad macro + programas sociales (Acuerdo Nacional).","Crecimiento con estabilidad macro y justicia social en el marco de Políticas de Estado (competitividad, descentralización).","https://acuerdonacional.pe/wp-content/uploads/2024/01/Politicas_de_Estado_2023.pdf","1","https://candidatosperu2026.neocities.org/"
"apra","Jorge del Castillo","Partido Aprista Peruano","social","Social","Programas focalizados e integridad pública (planes programáticos).","Programas focalizados y ética pública dentro de marcos programáticos y Políticas de Estado.","https://acuerdonacional.pe/politicas-de-estado-del-acuerdo-nacional/politicas-de-estado/politicas-de-estado-castellano/","1","https://candidatosperu2026.neocities.org/"
"avanza","Phillip Butters","Avanza País","seguridad","Seguridad","Propone pena de muerte para delitos graves.","Plantea restituir/impulsar la pena de muerte para delitos graves (entrevista en N Portada de Canal N).","https://canaln.pe/actualidad/phillip-butters-propone-pena-muerte-y-privatizar-petroperu-n487717; https://www.facebook.com/canalnoficial/posts/en-nportada-el-precandidato-de-avanza-pa%C3%ADs-phillip-butters-se-defini%C3%B3-como-de-ce/844928491418393/","2","https://candidatosperu2026.neocities.org/"
"avanza","Phillip Butters","Avanza País","educacion","Educacion","Sin fuente confiable pública específica a la fecha.","No se identificó propuesta educativa desarrollada en documento o entrevista verificable con detalles programáticos. (Sin fuente confiable pública específica).","","0","https://candidatosperu2026.neocities.org/"
"avanza","Phillip Butters","Avanza País","mineria","Mineria","Amnistía tributaria focalizada para pequeños mineros formalizados.","Propone una amnistía tributaria para pequeños mineros y mineros artesanales formalizados, reducción de trámites y “pelear” contra obstáculos ambientales que considera excesivos (Rumbo Minero TV).","https://www.rumbominero.com/peru/noticias/mineria/amnistia-tributaria-minero-propuestas-gobierno-phillip-butters/; https://www.facebook.com/rumbominero/videos/rmtv-%EF%B8%8F-el-candidato-presidencial-phillip-butters-propone-una-amnist%C3%ADa-tributaria/1301602834977484/","2","https://candidatosperu2026.neocities.org/"
"avanza","Phillip Butters","Avanza País","produccion","Produccion","Sin fuente confiable pública específica a la fecha.","No se hallaron lineamientos productivos detallados en fuente primaria/seria específica distinta de lo económico. (Sin fuente confiable pública específica).","","0","https://candidatosperu2026.neocities.org/"
"avanza","Phillip Butters","Avanza País","economia","Economia","Privatizar Petroperú; abrir capital de Sedapal.","Anuncia privatizar Petroperú para enfrentar el déficit y abrir el capital de Sedapal para atraer inversión (entrevista Canal N; réplica en medios).","https://canaln.pe/actualidad/phillip-butters-propone-pena-muerte-y-privatizar-petroperu-n487717; https://www.facebook.com/canalnoficial/videos/en-nportada-el-precandidato-por-avanza-pa%C3%ADs-phillip-butters-propuso-privatizar-p/1239829684830674/; https://caretas.pe/politica/phillip-butters-plantea-pena-de-muerte-y-privatizar-petroperu-en-su-plan-de-gobierno/","3","https://candidatosperu2026.neocities.org/"
"avanza","Phillip Butters","Avanza País","social","Social","Se define provida y profamilia.","Se presenta como “provida y profamilia” (declaración pública en Canal N).","https://canaln.pe/actualidad/phillip-butters-propone-pena-muerte-y-privatizar-petroperu-n487717","1","https://candidatosperu2026.neocities.org/"
"morado","Mesías Guevara","Partido Morado","seguridad","Seguridad","Prevención, reestructurar la PNP y consejos macroregionales de seguridad.","Plantea prevención, reestructurar la PNP y crear/consolidar consejos macroregionales de seguridad; participación de juntas vecinales y rondas; inteligencia y coordinación interinstitucional.","https://mesias.pe/articulos/que-podemos-hacer-ante-la-violencia-extrema-y-la-inseguridad-ciudadana-en-el-peruque-podemos-hacer-ante-la-violencia-extrema-y-la-inseguridad-ciudadana-en-el-peru/; https://mesias.pe/articulos/de-la-region-para-la-nacion/; https://mesias.pe/articulos/crimen-organizado-vs-estado-desorganizado/","3","https://candidatosperu2026.neocities.org/"
"morado","Mesías Guevara","Partido Morado","educacion","Educacion","Proyecto Educativo Regional y cierre de brecha digital; fortalecimiento de educación pública.","Impulsa educación pública de calidad y agenda digital: Proyecto Educativo Regional Cajamarca al 2036 durante su gestión; propone cerrar brecha digital y actualizar marco de telecomunicaciones para inclusión.","https://mesias.pe/wp-content/uploads/11-Proyecto-Regional-Educativo-de-Cajamarca.pdf; https://mesias.pe/articulos/como-cerrar-la-brecha-digital/","2","https://candidatosperu2026.neocities.org/"
"morado","Mesías Guevara","Partido Morado","mineria","Mineria","Conga inviable/suspendido; énfasis en cumplimiento ambiental y gestión de conflictos.","Como autoridad regional, sostuvo que el proyecto Conga es inviable/suspendido hasta cumplir condiciones; énfasis en legalidad, aspecto técnico-social y ambiental.","https://portal.regioncajamarca.gob.pe/noticias/mes-guevara-or-036-es-legal-y-leg-tima-y-conga-es-inviable; https://www.facebook.com/elcomercio.pe/videos/mes%C3%ADas-guevara-amasifu%C3%A9n-en-cajamarca-hay-m%C3%A1s-que-conga/1926627007435834/","2","https://candidatosperu2026.neocities.org/"
"morado","Mesías Guevara","Partido Morado","produccion","Produccion","Políticas regionales para agricultura familiar, orgánicos y gestión del agua.","Promoción de agricultura familiar y producción orgánica; gestión del agua para fines productivos; articulación institucional. (Lineamientos regionales documentados en su gestión).","https://mesias.pe/wp-content/uploads/17-Politica-Regional-para-el-Desarrollo-Agrario-Ganadero-y-Forestal-de-Cajamarca.pdf","1","https://candidatosperu2026.neocities.org/"
"morado","Mesías Guevara","Partido Morado","economia","Economia","Gestión de inversión pública orientada a cerrar brechas; fortalecimiento de capacidades y control.","Enfoque de inversión pública para cerrar brechas con mejor formulación/ejecución y control; fortalecimiento de capacidades y transparencia (documento técnico y pedidos de control).","https://mesias.pe/wp-content/uploads/MITOS-Y-VERDADES-DISENO-FINAL-1.pdf; https://www.regioncajamarca.gob.pe/portal/noticias/det/829","2","https://candidatosperu2026.neocities.org/"
"morado","Mesías Guevara","Partido Morado","social","Social","Cohesión social, anticorrupción y participación ciudadana.","Cohesión social y ética pública; fortalecer el Acuerdo Nacional y políticas de Estado vinculantes; participación ciudadana y lucha anticorrupción.","https://mesias.pe/articulos/por-un-peru-justo-libre-y-solidario/; https://mesias.pe/articulos/de-la-region-para-la-nacion/","2","https://candidatosperu2026.neocities.org/"
"perulibre","Waldemar Cerrón","Perú Libre","seguridad","Seguridad","Lineamientos generales: coordinación interinstitucional y lucha contra crimen organizado; sin plan sectorial detallado firmado por él en 2024–2025.","En espacios institucionales y partidarios plantea enfrentar crimen organizado con coordinación del Estado y reforma legal; no se halló un plan sectorial específico firmado por él (2024–2025).","https://waldemarcerron.com/; https://www.youtube.com/watch?v=-baCMjjyqg8","2","https://candidatosperu2026.neocities.org/"
"perulibre","Waldemar Cerrón","Perú Libre","educacion","Educacion","Sin propuesta programática propia con metas verificables publicada 2024–2025; el ideario partidario prioriza acceso y calidad con rol del Estado.","No se encontró documento propio con metas y presupuesto del candidato (2024–2025). El referente es el ideario/programa de Perú Libre que prioriza educación pública y ciencia.","https://perulibre.pe/wp-content/uploads/2024/11/IDEARIO-Y-PROGRAMA-2024.pdf","1","https://candidatosperu2026.neocities.org/"
"perulibre","Waldemar Cerrón","Perú Libre","mineria","Mineria","Impulsa PL 8342/2023-CR que modifica el D.L. 1106 (lavado de activos) en contexto de minería ilegal; debate y predictamen en Comisión de Justicia 2024–2025.","Presentó el PL 8342/2023-CR para modificar el D.L. 1106 (lavado de activos) en el marco de minería ilegal y crimen organizado; hubo predictamen en 2024–2025 y cobertura amplia del debate.","https://wb2server.congreso.gob.pe/spley-portal-service/archivo/MjAyNjkw/pdf; https://es.scribd.com/document/841249408/5-4-Predictamen-PL-8342-Lavado-de-Activos; https://www.rumbominero.com/peru/noticias/mineria/mineria-ilegal-8/; https://elcomercio.pe/politica/nuevo-intento-por-favorecer-a-la-mineria-ilegal-en-el-congreso-los-peligros-de-la-iniciativa-promovida-por-waldemar-cerron-noticia/","4","https://candidatosperu2026.neocities.org/"
"perulibre","Waldemar Cerrón","Perú Libre","produccion","Produccion","Sin documento propio con medidas específicas 2024–2025; línea partidaria: industrialización con Estado promotor.","Sin lineamientos productivos detallados propios localizados en 2024–2025. El marco partidario habla de impulso industrial con Estado promotor.","https://perulibre.pe/wp-content/uploads/2024/11/IDEARIO-Y-PROGRAMA-2024.pdf","1","https://candidatosperu2026.neocities.org/"
"perulibre","Waldemar Cerrón","Perú Libre","economia","Economia","Marco partidario: economía con mayor intervención estatal en sectores estratégicos y revisión del modelo; referencias al Ideario 2024.","Se remite al ideario: mayor intervención estatal en sectores estratégicos, revisión de concesiones y rol de empresas públicas.","https://perulibre.pe/propuesta-politica-ideologica-y-programatica-del-partido-politico-nacional-peru-libre/","1","https://candidatosperu2026.neocities.org/"
"perulibre","Waldemar Cerrón","Perú Libre","social","Social","Ejes partidarios: combate a desigualdad, servicios públicos, nueva Constitución; propuestas específicas del candidato no publicadas con detalle técnico reciente.","Prioriza nueva Constitución y políticas sociales con énfasis en servicios públicos; no hay plan social propio reciente con indicadores.","https://perulibre.pe/wp-content/uploads/2024/11/IDEARIO-Y-PROGRAMA-2024.pdf; https://perulibre.pe/wp-content/uploads/2025/07/PERU-LIBRE-JULIO-2025.pdf","2","https://candidatosperu2026.neocities.org/"
"venceremos","Ronald Atencio","Alianza Venceremos","seguridad","Seguridad","Propone “reforma de la Policía y las FFAA”.","Ha señalado en actividades partidarias que impulsará la reforma de la Policía y de las Fuerzas Armadas.","https://x.com/RonaldAtencio","1","https://candidatosperu2026.neocities.org/"
"venceremos","Ronald Atencio","Alianza Venceremos","educacion","Educacion","Sin fuente confiable pública específica a la fecha.","No se identificó un documento o entrevista con propuestas educativas detalladas, metas y presupuesto atribuibles directamente al candidato.","","0","https://candidatosperu2026.neocities.org/"
"venceremos","Ronald Atencio","Alianza Venceremos","mineria","Mineria","Sin fuente confiable pública específica a la fecha.","No hay lineamientos mineros específicos del candidato con detalle técnico verificable en 2024–2025.","","0","https://candidatosperu2026.neocities.org/"
"venceremos","Ronald Atencio","Alianza Venceremos","produccion","Produccion","Sin fuente confiable pública específica a la fecha.","No se hallaron propuestas productivas sectoriales propias con sustento documental público.","","0","https://candidatosperu2026.neocities.org/"
"venceremos","Ronald Atencio","Alianza Venceremos","economia","Economia","Sin fuente confiable pública específica a la fecha.","No existe a la fecha un plan económico firmado por el candidato publicado en repositorio oficial o medio serio.","","0","https://candidatosperu2026.neocities.org/"
"venceremos","Ronald Atencio","Alianza Venceremos","social","Social","Sin fuente confiable pública específica a la fecha.","No se ubicaron propuestas sociales detalladas del candidato con indicadores y cronograma.","","0","https://candidatosperu2026.neocities.org/"
"fte","Napoleón Becerra García","Frente de los Trabajadores y Emprendedores (PTE)","seguridad","Seguridad","Sin documento programático sectorial propio con metas verificables publicado (2024–2025).","No se encontró un plan sectorial firmado por el candidato con medidas, metas y presupuesto.","","0","https://candidatosperu2026.neocities.org/"
"fte","Napoleón Becerra García","Frente de los Trabajadores y Emprendedores (PTE)","educacion","Educacion","Sin fuente pública específica con plan detallado (2024–2025).","No hay propuesta educativa desarrollada atribuible a Becerra en fuente oficial/seria con detalle técnico.","","0","https://candidatosperu2026.neocities.org/"
"fte","Napoleón Becerra García","Frente de los Trabajadores y Emprendedores (PTE)","mineria","Mineria","Sin propuesta sectorial propia publicada con indicadores (2024–2025).","No se halló documento propio del candidato con lineamientos específicos para el sector minero.","","0","https://candidatosperu2026.neocities.org/"
"fte","Napoleón Becerra García","Frente de los Trabajadores y Emprendedores (PTE)","produccion","Produccion","Sin lineamientos productivos propios con metas y cronograma en fuente oficial (2024–2025).","Sin lineamientos productivos propios publicados; el PTE difunde ideario general.","https://pte.pe/","1","https://candidatosperu2026.neocities.org/"
"fte","Napoleón Becerra García","Frente de los Trabajadores y Emprendedores (PTE)","economia","Economia","Sin plan económico firmado por el candidato en repositorio oficial (2024–2025).","Sin plan económico propio publicado en repositorio oficial; el partido presenta estatuto/ideario.","https://pte.pe/documentos/","1","https://candidatosperu2026.neocities.org/"
"fte","Napoleón Becerra García","Frente de los Trabajadores y Emprendedores (PTE)","social","Social","En documentos PTE se prioriza “inclusión y lucha contra la pobreza”; no hay plan social propio con KPIs.","El PTE difunde principios de democracia popular e inclusión; no hay plan social con KPIs firmado por el candidato.","https://pte.pe/","1","https://candidatosperu2026.neocities.org/"
"rb","Rafael Belaúnde","Libertad Popular","seguridad","Seguridad","Tecnología y refuerzo PNP.","","","0","https://candidatosperu2026.neocities.org/"
"rb","Rafael Belaúnde","Libertad Popular","educacion","Educacion","Meritocracia y calidad.","","","0","https://candidatosperu2026.neocities.org/"
"rb","Rafael Belaúnde","Libertad Popular","mineria","Mineria","Reglas claras y estabilidad.","","","0","https://candidatosperu2026.neocities.org/"
"rb","Rafael Belaúnde","Libertad Popular","produccion","Produccion","Clima de negocios.","","","0","https://candidatosperu2026.neocities.org/"
"rb","Rafael Belaúnde","Libertad Popular","economia","Economia","Promercado.","","","0","https://candidatosperu2026.neocities.org/"
"rb","Rafael Belaúnde","Libertad Popular","social","Social","Moderado.","","","0","https://candidatosperu2026.neocities.org/"
"sicreo","Carlos Espá","Sí Creo","seguridad","Seguridad","Cárceles de máxima seguridad sin visitas; audiencias por Zoom; privatizar monitoreo de cámaras; revalorar PNP y FF.AA.","Plantea seis penales de máxima seguridad (incl. El Frontón), sin visitas; audiencias por Zoom; privatización del sistema de cámaras para control dentro de cárceles; revaloración de PNP/FF.AA.","https://peru21.pe/politica/carlos-espa-la-democracia-ha-sido-boba-negligente-indolente-e-insensible/; https://sicreo.org.pe/nuestros-10-mandamientos/","2","https://candidatosperu2026.neocities.org/"
"sicreo","Carlos Espá","Sí Creo","educacion","Educacion","Bonos educativos condicionados para introducir competencia mientras mejora la escuela pública.","Propone bonos educativos condicionados para forzar competencia y mejora de la educación pública.","https://peru21.pe/politica/carlos-espa-la-democracia-ha-sido-boba-negligente-indolente-e-insensible/","1","https://candidatosperu2026.neocities.org/"
"sicreo","Carlos Espá","Sí Creo","mineria","Mineria","No hay plan sectorial publicado; sí énfasis en combatir minería ilegal dentro de una agenda de seguridad.","No hay documento programático propio con metas/indicadores sobre minería; ha vinculado seguridad con control de economías ilegales (minería ilegal).","https://peru21.pe/politica/carlos-espa-la-democracia-ha-sido-boba-negligente-indolente-e-insensible/","1","https://candidatosperu2026.neocities.org/"
"sicreo","Carlos Espá","Sí Creo","produccion","Produccion","Conectividad e irrigación para potenciar agroexportación; infraestructura como motor productivo.","Eje de infraestructura (carreteras, irrigación) para dinamizar producción y convertir la sierra en potencia agroexportadora.","https://peru21.pe/politica/carlos-espa-la-democracia-ha-sido-boba-negligente-indolente-e-insensible/","1","https://candidatosperu2026.neocities.org/"
"sicreo","Carlos Espá","Sí Creo","economia","Economia","Eliminar incentivos a la corrupción; formalización con 1 punto del IGV directo a pensiones; romper monopolio de Sedapal (no privatización obligatoria); cláusula dorada en energía.","“Secar el pozo de la corrupción” (menos trámites, exoneraciones y privilegios); formalización con 1 punto del IGV a la cuenta de pensión; romper monopolio de Sedapal sin privatización obligatoria; en energía, “cláusula dorada” para evitar concentración.","https://peru21.pe/politica/carlos-espa-la-democracia-ha-sido-boba-negligente-indolente-e-insensible/","1","https://candidatosperu2026.neocities.org/"
"sicreo","Carlos Espá","Sí Creo","social","Social","Derechos a agua e internet como base de inclusión; reducción de trámites y privilegios que afectan servicios.","Derecho universal a internet y acceso a agua/saneamiento como prioridad de inclusión social.","https://peru21.pe/politica/carlos-espa-la-democracia-ha-sido-boba-negligente-indolente-e-insensible/","1","https://candidatosperu2026.neocities.org/"
"accionpopula","Alfredo Barnechea","Acción Popular","seguridad","Seguridad","No se ubicó documento sectorial propio reciente (2024–2025) con metas verificables.","No se encontró un plan específico firmado por el candidato para 2024–2025 con medidas y presupuesto. (Sin fuente pública sectorial reciente).","","0","https://candidatosperu2026.neocities.org/"
"accionpopula","Alfredo Barnechea","Acción Popular","educacion","Educacion","Estado de bienestar con educación pública de calidad; evaluaciones y cierre de brechas (plan 2016–2021).","Propone un “Estado de bienestar” con educación pública de calidad y metas de cierre de brechas; prioriza docentes, infraestructura y resultados de aprendizaje.","https://bitacora.jomra.es/wp-content/uploads/2016/01/pg-AP-2016.pdf","1","https://candidatosperu2026.neocities.org/"
"accionpopula","Alfredo Barnechea","Acción Popular","mineria","Mineria","Pro minería con reglas claras; plantea que “todo es renegociable” (Conga, Tía María) y no condenar al país a “carecer de minería”.","Sostiene que no se puede “condenar al Perú a carecer de minería” y que los contratos (gas Camisea, Conga, Tía María) pueden renegociarse para resguardar el interés nacional.","https://rpp.pe/politica/elecciones/alfredo-barnechea-no-podemos-condenar-al-peru-a-carecer-de-mineria-noticia-948910; https://rpp.pe/politica/elecciones/alfredo-barnechea-renegociacion-del-gas-hara-respetar-intereses-del-peru-noticia-939760","2","https://candidatosperu2026.neocities.org/"
"accionpopula","Alfredo Barnechea","Acción Popular","produccion","Produccion","Industrialización: energía barata, infraestructura y políticas para valor agregado (plan 2016–2021).","Estrategia de industrialización: energía barata, impulso a infraestructura y encadenamientos productivos para diversificar más allá de materias primas.","https://bitacora.jomra.es/wp-content/uploads/2016/01/pg-AP-2016.pdf","1","https://candidatosperu2026.neocities.org/"
"accionpopula","Alfredo Barnechea","Acción Popular","economia","Economia","Bienestar social + disciplina macro; reforma del Estado y formalización (plan 2016–2021).","Crear un Estado de bienestar con disciplina macro, reforma del Estado, competencia y formalización; ampliar cobertura de salud y pensiones.","https://bitacora.jomra.es/wp-content/uploads/2016/01/pg-AP-2016.pdf; https://www.facebook.com/canalnoficial/videos/alfredo-barnechea-sobre-su-candidatura-con-acci%C3%B3n-popular/761426019730894/","2","https://candidatosperu2026.neocities.org/"
"accionpopula","Alfredo Barnechea","Acción Popular","social","Social","Derechos sociales universales: educación, salud, nutrición y pensiones (plan 2016–2021).","Piso de bienestar: educación y salud públicas, nutrición infantil y pensiones justas como ejes de cohesión social.","https://bitacora.jomra.es/wp-content/uploads/2016/01/pg-AP-2016.pdf","1","https://candidatosperu2026.neocities.org/"
"plg","Marisol Pérez Tello","Primero la Gente","seguridad","Seguridad","Critica la debilitación del marco legal contra el crimen organizado; propone coordinación interinstitucional, inteligencia y mejor diseño normativo.","Sostiene que el Congreso “se cargó” la legislación contra el crimen organizado; plantea recuperar un marco eficaz, con inteligencia y coordinación interinstitucional.","https://ojo-publico.com/entrevistas/perez-tello-congreso-se-cargo-legislacion-contra-crimen-organizado","1","https://candidatosperu2026.neocities.org/"
"plg","Marisol Pérez Tello","Primero la Gente","educacion","Educacion","Sin plan sectorial propio con metas y presupuesto publicado (2024–2025).","No se identificó documento programático propio con metas, cronograma y presupuesto atribuido a su precandidatura (2024–2025).","","0","https://candidatosperu2026.neocities.org/"
"plg","Marisol Pérez Tello","Primero la Gente","mineria","Mineria","Rechazo a la minería ilegal; pide corregir REINFO y cortar captura criminal.","Advierte infiltración criminal y uso perverso del REINFO; pide corregir el régimen y cortar el financiamiento de campañas desde economías ilegales.","https://www.facebook.com/canalnoficial/videos/marisol-p%C3%A9rez-tello-se-pronuncia-sobre-el-reinfo/895802035828869/","1","https://candidatosperu2026.neocities.org/"
"plg","Marisol Pérez Tello","Primero la Gente","produccion","Produccion","Sin lineamientos productivos detallados propios publicados (2024–2025).","No hay lineamientos productivos específicos propios localizados en 2024–2025 con indicadores verificables.","","0","https://candidatosperu2026.neocities.org/"
"plg","Marisol Pérez Tello","Primero la Gente","economia","Economia","Énfasis en integridad pública y eficiencia del gasto; sin plan macro propio publicado.","En entrevistas y trayectoria prioriza integridad del gasto y lucha anticorrupción; no publicó un plan macroeconómico propio con metas en 2024–2025.","https://rpp.pe/politica/gobierno/marisol-perez-tello-no-vamos-a-tolerar-mas-corrupcion-noticia-1026910","1","https://candidatosperu2026.neocities.org/"
"plg","Marisol Pérez Tello","Primero la Gente","social","Social","Institucionalidad, DD. HH. y servicios públicos como eje; sin matriz de metas propia publicada.","Plantea reconstruir confianza institucional y servicios públicos como base de cohesión; sin documento social propio con KPIs publicado.","https://www.youtube.com/watch?v=RF6pcpidAfY","1","https://candidatosperu2026.neocities.org/"
"ppp-hc","Herbert Caller","Partido Patriótico del Perú","seguridad","Seguridad","“Guerra contra la criminalidad”, coordinación PNP–FFAA; plantea pena de muerte y denunciar el Pacto de San José.","Declara “guerra contra la criminalidad”, propone coordinación operativa PNP–FFAA; en su ideario plantea pena de muerte para asesinatos y denunciar el Pacto de San José; reforma penal y cárceles productivas.","https://www.stereovilla.pe/detalles/1630; https://partidopatrioticodelperu.pe/ideario/#seguridad-interna-y-externa","2","https://candidatosperu2026.neocities.org/"
"ppp-hc","Herbert Caller","Partido Patriótico del Perú","educacion","Educacion","“Revolución educativa” con metodologías de súper aprendizaje, idiomas (quechua/inglés + tercero) y deporte.","Metodologías de súper aprendizaje; más sedes de UNI/UNMSM/UNALM en regiones; impulso al quechua y al deporte con entidad especializada.","https://partidopatrioticodelperu.pe/ideario/#educacion","1","https://candidatosperu2026.neocities.org/"
"ppp-hc","Herbert Caller","Partido Patriótico del Perú","mineria","Mineria","Sin plan minero específico publicado; enfoque general de control estatal de extracción y valor agregado.","No hay documento sectorial minero propio con metas y presupuesto. El ideario alude a “control efectivo de actividades de extracción” y estabilidad social/jurídica.","https://partidopatrioticodelperu.pe/ideario/","1","https://candidatosperu2026.neocities.org/"
"ppp-hc","Herbert Caller","Partido Patriótico del Perú","produccion","Produccion","Industrializar en todas las regiones; flota mercante, trenes y línea aérea de bandera; crédito MYPE.","Industrialización con valor agregado; creación de flota mercante, trenes y línea aérea de bandera; fomento de economía azul y control de importaciones de productos de “bandera nacional”.","https://partidopatrioticodelperu.pe/ideario/#trabajo-y-productividad","1","https://candidatosperu2026.neocities.org/"
"ppp-hc","Herbert Caller","Partido Patriótico del Perú","economia","Economia","Mayor participación del Estado en sectores estratégicos con inversión privada operando; control de tasas y 2% del Presupuesto para MYPE.","Modelo con participación estatal accionaria en sectores estratégicos y operación privada; regulación de intereses; Crédito MYPE equivalente al 2% del Presupuesto Nacional.","https://partidopatrioticodelperu.pe/ideario/#trabajo-y-productividad; https://partidopatrioticodelperu.pe/ideario/#vision","2","https://candidatosperu2026.neocities.org/"
"ppp-hc","Herbert Caller","Partido Patriótico del Perú","social","Social","Lucha anticorrupción (polígrafo, impedimentos, evaluación toxicológica), protección a niños/mujeres y servicios de salud/nutrición.","Ejes de DD. HH. y familia; anticorrupción con imprescriptibilidad para delitos graves, uso de polígrafo a altos funcionarios y controles de idoneidad.","https://partidopatrioticodelperu.pe/ideario/#lucha-contra-la-corrupcion; https://partidopatrioticodelperu.pe/ideario/#vision","2","https://candidatosperu2026.neocities.org/"
"id-wg","Wolfgang Grozo","Integridad Democrática","seguridad","Seguridad","Plantea declarar una “guerra contra la criminalidad”, activar el Consejo de Seguridad Nacional y endurecer el marco penal.","Su eje es “guerra contra la criminalidad”: activar el Consejo de Seguridad Nacional, operaciones integradas y endurecer penas. Ha propuesto denunciar el Pacto de San José para habilitar medidas más severas; sostiene aplicar pruebas de polígrafo a altas autoridades y compras de defensa con control estricto. No se localiza un plan sectorial firmado por el candidato en 2024–2025 con metas, presupuesto y cronograma; el sustento público proviene de entrevistas y presentaciones.","https://altavoz.pe/politica/wolfgang-grozo-hay-que-denunciar-al-pacto-de-san-jose-para-la-guerra-contra-la-criminalidad-video/; https://peru21.pe/politica/wolfgang-grozo-costa-la-poblacion-asocia-fuerza-popular-y-app-con-corrupcion/","2","https://candidatosperu2026.neocities.org/"
"id-wg","Wolfgang Grozo","Integridad Democrática","educacion","Educacion","Sin plan sectorial propio 2024–2025 con metas y presupuesto publicado.","No se encontró documento programático propio 2024–2025 con metas, presupuesto y cronograma atribuible al candidato. Se deja constancia de ausencia de fuente confiable específica.","","0","https://candidatosperu2026.neocities.org/"
"id-wg","Wolfgang Grozo","Integridad Democrática","mineria","Mineria","Sin propuesta sectorial propia con indicadores verificables publicada.","No hay lineamientos mineros propios publicados con indicadores verificables (2024–2025). Se deja constancia.","","0","https://candidatosperu2026.neocities.org/"
"id-wg","Wolfgang Grozo","Integridad Democrática","produccion","Produccion","Sin lineamientos productivos nacionales con cronograma público.","No se hallaron propuestas productivas nacionales con detalle técnico, metas y cronograma publicadas por el candidato (2024–2025).","","0","https://candidatosperu2026.neocities.org/"
"id-wg","Wolfgang Grozo","Integridad Democrática","economia","Economia","Sin marco macro propio 2024–2025; énfasis general en eficiencia y control.","Sin marco macroeconómico propio publicado en 2024–2025; sus declaraciones priorizan integridad y control de gasto en adquisiciones del Estado.","https://peru21.pe/politica/wolfgang-grozo-costa-la-poblacion-asocia-fuerza-popular-y-app-con-corrupcion/","1","https://candidatosperu2026.neocities.org/"
"id-wg","Wolfgang Grozo","Integridad Democrática","social","Social","Conservador en valores; crítica a Agenda 2030 y a adopción por parejas del mismo sexo (declaraciones).","En entrevistas públicas ha señalado posiciones conservadoras en temas de familia y crítica a la Agenda 2030. No hay plan social propio con KPIs y presupuesto publicado en 2024–2025.","https://canalb.pe/noticias/baellatalks/partido-identidad-democratica-wolfgang-grozo-expone-sus-ideas-como-eventual-candidato-presidencial","1","https://candidatosperu2026.neocities.org/"
"pdup-cc","Charlie Carrasco Salazar","Partido Demócrata Unido Perú (PDUP)","seguridad","Seguridad","Promete “mano firme” y reordenamiento institucional; sin plan sectorial con metas públicas.","En redes y entrevistas, plantea “principio de autoridad”, operaciones coordinadas y tolerancia cero contra el crimen. No se ubicó un plan sectorial formal 2024–2025 con metas, presupuesto y cronograma firmado por el candidato. El sustento disponible es discursivo en plataformas oficiales del partido y del propio candidato.","https://www.facebook.com/CharlieCarrascoOficial/; https://www.facebook.com/PartidoDemocrataUnidoPeru/videos/%EF%B8%8F-video-el-dr-charlie-carrasco-salazar-presidente-del-partido-dem%C3%B3crata-unido-pe/1326978285322958/","2","https://candidatosperu2026.neocities.org/"
"pdup-cc","Charlie Carrasco Salazar","Partido Demócrata Unido Perú (PDUP)","educacion","Educacion","Mensajes sobre disciplina y mejora docente; sin documento programático verificable.","Mensajes generales sobre disciplina, calidad y gestión educativa desde entrevistas; no hay documento programático propio con metas y presupuesto 2024–2025 publicado por el candidato o el partido.","https://www.youtube.com/watch?v=6RFLAA5BpJA","1","https://candidatosperu2026.neocities.org/"
"pdup-cc","Charlie Carrasco Salazar","Partido Demócrata Unido Perú (PDUP)","mineria","Mineria","Sin propuesta sectorial propia con indicadores publicada.","No se encontró propuesta minera detallada (metas, cronograma, presupuesto) publicada por el candidato o el partido en 2024–2025.","","0","https://candidatosperu2026.neocities.org/"
"pdup-cc","Charlie Carrasco Salazar","Partido Demócrata Unido Perú (PDUP)","produccion","Produccion","Habla de industrialización y empleo; sin cronograma y presupuesto públicos.","El discurso menciona “industrialización” y empleo, pero sin un plan productivo formal con indicadores verificables disponibles al público.","https://www.facebook.com/CharlieCarrascoOficial/videos/limpios/1167815652070065/","1","https://candidatosperu2026.neocities.org/"
"pdup-cc","Charlie Carrasco Salazar","Partido Demócrata Unido Perú (PDUP)","economia","Economia","Sin marco macro propio 2024–2025; énfasis general en formalización y eficiencia.","No hay marco macroeconómico propio publicado en 2024–2025. El énfasis declarado es anticorrupción, formalización y eficiencia en el gasto.","https://www.facebook.com/CharlieCarrascoOficial/","1","https://candidatosperu2026.neocities.org/"
"pdup-cc","Charlie Carrasco Salazar","Partido Demócrata Unido Perú (PDUP)","social","Social","Sin plan social con KPIs publicado; discurso de valores y anticorrupción.","Mensajes de valores, integridad y lucha anticorrupción; no existe un plan social con KPIs y presupuesto disponible para verificación pública.","https://www.facebook.com/PartidoDemocrataUnidoPeru/","1","https://candidatosperu2026.neocities.org/"
"pdf-va","Virgilio Acuña","Partido Democrático Federal","seguridad","Seguridad","Mensajes de orden y coordinación interinstitucional; sin plan sectorial 2024–2025 con metas públicas.","Plantea enfrentar la criminalidad con “principio de autoridad” y mejor coordinación entre niveles de gobierno dentro de un Estado federal, priorizando presencia estatal, infraestructura y gestión territorial. No publicó en 2024–2025 un plan sectorial propio con metas, presupuesto y cronograma; su sustento público proviene de entrevistas y vocerías partidarias.","https://democraticofederal.com/; https://www.youtube.com/watch?v=uRsrLXvGgTU","2","https://candidatosperu2026.neocities.org/"
"pdf-va","Virgilio Acuña","Partido Democrático Federal","educacion","Educacion","Enfoque descentralizador; sin documento sectorial reciente con KPIs.","La línea discursiva vincula calidad educativa con gestión descentralizada y financiamiento regional estable dentro de un federalismo fiscal. No se encontró un documento programático 2024–2025 firmado por el candidato con metas medibles, cronograma y presupuesto; la sustentación disponible se basa en presentaciones públicas y contenidos partidarios.","https://democraticofederal.com/","1","https://candidatosperu2026.neocities.org/"
"pdf-va","Virgilio Acuña","Partido Democrático Federal","mineria","Mineria","Sin propuesta sectorial propia publicada con indicadores.","No hay un plan minero propio publicado por el candidato con objetivos, indicadores, enfoque de conflictividad y trazabilidad socioambiental en 2024–2025. Se deja constancia de ausencia de fuente fiable específica.","","0","https://candidatosperu2026.neocities.org/"
"pdf-va","Virgilio Acuña","Partido Democrático Federal","produccion","Produccion","Impulso a infraestructura regional; sin cronograma y presupuesto verificables.","Sostiene que el federalismo permitiría políticas productivas según vocación regional y cierre de brechas de infraestructura logística. A 2024–2025 no se localiza un plan productivo firmado por el candidato con metas, inversiones y cronograma verificables; el respaldo público son entrevistas y el ideario del partido.","https://democraticofederal.com/; https://www.youtube.com/watch?v=L0MqmgYZID","2","https://candidatosperu2026.neocities.org/"
"pdf-va","Virgilio Acuña","Partido Democrático Federal","economia","Economia","Federalismo fiscal; no hay marco macro propio 2024–2025 con metas.","Defiende un federalismo fiscal con descentralización de ingresos y competencias, buscando eficiencia del gasto y responsabilidad en cada región. No se halló un marco macroeconómico propio 2024–2025 con metas de crecimiento, déficit o inversión; el soporte disponible son piezas de comunicación política y su libro “Perú Federal”.","https://democraticofederal.com/; https://www.planetadelibros.com.pe/libro-peru-federal/362977","2","https://candidatosperu2026.neocities.org/"
"pdf-va","Virgilio Acuña","Partido Democrático Federal","social","Social","Cohesión desde servicios públicos regionales; sin plan social nacional con KPIs.","Propone que los servicios sociales (salud, agua, conectividad) se gestionen con mayor autonomía regional y control ciudadano, articulados a la reducción de pobreza desde el territorio. No hay un plan social nacional propio 2024–2025 con KPIs y presupuesto publicados.","https://democraticofederal.com/","1","https://candidatosperu2026.neocities.org/"
"cpp-mq","Morgan Quero","Ciudadanos por el Perú (CPP)","seguridad","Seguridad","Respaldó la narrativa de “control” de la inseguridad desde el Ejecutivo; sin plan sectorial propio 2024–2025 publicado.","Como ministro, sostuvo que la crisis de inseguridad estaba “más controlada”, aludiendo a avances sectoriales del gobierno y a reducción de extorsiones a colegios; no presentó un plan de seguridad propio con metas y presupuesto 2024–2025. Hay críticas por minimizar responsabilidades del Ejecutivo frente a la ola delictiva.","https://www.infobae.com/peru/2025/07/03/morgan-quero-asegura-que-crisis-de-inseguridad-esta-mucho-mas-controlada-pero-sinadef-reporta-mas-de-mil-homicidios-en-lo-que-va-del-ano/; https://larepublica.pe/politica/2025/05/08/ministro-morgan-quero-se-lava-las-manos-y-responsabiliza-a-la-poblacion-por-su-seguridad-no-salgan-sin-tomar-previsiones-hnews-116200","2","https://candidatosperu2026.neocities.org/"
"cpp-mq","Morgan Quero","Ciudadanos por el Perú (CPP)","educacion","Educacion","Impulsó que el Presupuesto 2025 incluya aumentos salariales para docentes (anuncio público).","Anunció que la propuesta de Presupuesto Público 2025 incluía aumento salarial a docentes y reafirmó continuar la “política educativa salarial” a favor del magisterio. Ordenó además una auditoría interna del Despacho Ministerial para transparentar recursos ante cuestionamientos.","https://rpp.pe/politica/gobierno/morgan-quero-anuncio-que-propuesta-de-presupuesto-publico-2025-incluyo-aumento-salarial-a-docentes-noticia-1583040; https://www.infobae.com/peru/2025/09/24/ministro-de-educacion-ordena-auditoria-en-el-minedu-para-transparentar-uso-de-recursos-tras-cuestionamientos/","2","https://candidatosperu2026.neocities.org/"
"cpp-mq","Morgan Quero","Ciudadanos por el Perú (CPP)","mineria","Mineria","Sin propuesta sectorial propia con metas verificables publicada.","No se encontró documento programático propio con metas/indicadores sobre minería publicado en 2024–2025.","","0","https://candidatosperu2026.neocities.org/"
"cpp-mq","Morgan Quero","Ciudadanos por el Perú (CPP)","produccion","Produccion","Sin lineamientos productivos propios con cronograma y presupuesto.","No hay lineamientos productivos sectoriales propios con metas y cronograma verificados en 2024–2025.","","0","https://candidatosperu2026.neocities.org/"
"cpp-mq","Morgan Quero","Ciudadanos por el Perú (CPP)","economia","Economia","Sin marco macro propio 2024–2025; mensajes sobre eficiencia del gasto en su sector.","Sin plan macroeconómico propio 2024–2025. Mensajes dispersos sobre eficiencia del gasto desde su gestión en Educación.","","0","https://candidatosperu2026.neocities.org/"
"cpp-mq","Morgan Quero","Ciudadanos por el Perú (CPP)","social","Social","Sin plan social propio nacional con KPIs; mensajes de cohesión e institucionalidad.","No se halló plan social nacional propio con KPIs y presupuesto. Discurso general de institucionalidad y servicios públicos.","","0","https://candidatosperu2026.neocities.org/"
"pm-cj","Carlos Jaico","Perú Moderno","seguridad","Seguridad","Mensaje de orden e institucionalidad; sin plan sectorial 2024–2025 con metas verificables publicado.","Plantea restablecer el “principio de autoridad” y ordenar la gestión pública para enfrentar crimen y economías ilegales, priorizando coordinación interinstitucional y controles internos. Su discurso se apoya en la crítica a estructuras informales de poder dentro del Estado y en la necesidad de reglas claras y trazabilidad de decisiones. No se encontró en 2024–2025 un plan sectorial propio firmado por el candidato con metas, presupuesto y cronograma; el soporte público proviene de entrevistas y vocería partidaria.","https://perumoderno.com/; https://peru21.pe/politica/carlos-jaico-sobre-su-paso-por-palacio-un-sistema-asi-solo-puede-darle-rienda-suelta-a-la-corrupcion-rmmn-noticia/","2","https://candidatosperu2026.neocities.org/"
"pm-cj","Carlos Jaico","Perú Moderno","educacion","Educacion","Sin documento programático propio reciente con KPIs y presupuesto.","No hay documento programático propio 2024–2025 con metas, KPIs y presupuesto atribuible a su precandidatura. En su narrativa general, vincula calidad de servicios con meritocracia y gestión por resultados, pero sin una matriz educativa publicada por el partido o el candidato.","https://perumoderno.com/","1","https://candidatosperu2026.neocities.org/"
"pm-cj","Carlos Jaico","Perú Moderno","mineria","Mineria","Sin propuesta sectorial propia con indicadores y cronograma público.","No se identificó propuesta minera detallada (metas, cronograma, presupuesto y enfoque socioambiental) publicada por el candidato o el partido en 2024–2025. Se deja constancia de ausencia de fuente confiable específica.","","0","https://candidatosperu2026.neocities.org/"
"pm-cj","Carlos Jaico","Perú Moderno","produccion","Produccion","Sin lineamientos productivos nacionales formalizados 2024–2025.","Sin lineamientos productivos nacionales formalizados en 2024–2025. El énfasis público de campaña se centra en orden institucional y lucha contra redes informales, más que en políticas sectoriales con indicadores.","https://perumoderno.com/noticias.html","1","https://candidatosperu2026.neocities.org/"
"pm-cj","Carlos Jaico","Perú Moderno","economia","Economia","Sin marco macro propio 2024–2025; énfasis en eficiencia y control del gasto.","No hay marco macro 2024–2025 firmado por el candidato con metas de crecimiento, déficit e inversión. Su línea general privilegia integridad, eficiencia del gasto y previsibilidad regulatoria para atraer inversión, sin un plan económico público con KPIs.","https://perumoderno.com/","1","https://candidatosperu2026.neocities.org/"
"pm-cj","Carlos Jaico","Perú Moderno","social","Social","Sin plan social nacional con KPIs publicado; foco discursivo en servicios e integridad.","No se halló un plan social nacional con KPIs y presupuesto. El discurso remarca servicios públicos de calidad y transparencia en la asignación de recursos; falta un documento sectorial propio actualizado para 2024–2025.","https://perumoderno.com/","1","https://candidatosperu2026.neocities.org/"
"pp-jlg","José Luna Gálvez","Podemos Perú","seguridad","Seguridad","Sin plan sectorial propio 2024–2025 con metas verificables.","No se halló un plan de seguridad firmado por el candidato (2024–2025) con metas, presupuesto y cronograma. El discurso público se centra en “orden e institucionalidad”, sin matriz técnica publicada.","","0","https://candidatosperu2026.neocities.org/"
"pp-jlg","José Luna Gálvez","Podemos Perú","educacion","Educacion","Sin documento nacional propio reciente; antecedente empresarial en educación privada (Telesup).","No existe un plan educativo nacional propio 2024–2025 con KPIs. El antecedente relevante es su rol empresarial en Telesup, universidad a la que SUNEDU denegó el licenciamiento en 2019 y ordenó cese progresivo.","https://gestion.pe/peru/universidad-telesup-jose-luna-debera-cerrar-licenciamiento-denegado-268585-noticia/; https://larepublica.pe/sociedad/2021/11/22/telesup-por-que-no-recibio-licenciamiento-de-sunedu-y-que-ha-hecho-para-evitar-su-cierre","2","https://candidatosperu2026.neocities.org/"
"pp-jlg","José Luna Gálvez","Podemos Perú","mineria","Mineria","Sin propuesta sectorial propia publicada con indicadores.","No se encontró propuesta minera propia con metas e indicadores publicada en 2024–2025.","","0","https://candidatosperu2026.neocities.org/"
"pp-jlg","José Luna Gálvez","Podemos Perú","produccion","Produccion","Mensajes sobre empleo y MYPE; sin cronograma ni presupuesto verificables.","Mensajes sobre empleo/MYPE en plataformas partidarias; no hay plan productivo con indicadores, cronograma y presupuesto verificables.","https://podemosperu.org.pe/","1","https://candidatosperu2026.neocities.org/"
"pp-jlg","José Luna Gálvez","Podemos Perú","economia","Economia","Énfasis en formalización/anticorrupción; sin marco macro propio 2024–2025.","Sin marco macroeconómico 2024–2025 firmado por el candidato. El partido difunde piezas sobre “leyes del pueblo” y cuestionamientos a las AFP, sin documento macro integral.","https://podemosperu.org.pe/","1","https://candidatosperu2026.neocities.org/"
"pp-jlg","José Luna Gálvez","Podemos Perú","social","Social","Sin plan social nacional con KPIs publicado.","No se halló plan social nacional con KPIs y presupuesto. La comunicación oficial prioriza asistencia social y crítica a privilegios.","https://podemosperu.org.pe/","1","https://candidatosperu2026.neocities.org/"
"prog-pj","Paul Jaimes","Progresemos","seguridad","Seguridad","Propone pena de muerte y “mano firme”; coordinación interinstitucional.","Sostiene “mano firme” y propone la pena de muerte para crímenes graves, incluso planteando la salida del Pacto de San José; además, ha hablado de crear un penal en altura y de reforzar coordinación PNP–FF.AA. y controles tecnológicos. Sus posiciones se exponen en entrevistas televisivas y radiales. No se halló, a 2024–2025, un plan sectorial firmado con metas, presupuesto y cronograma.","https://www.stereovilla.pe/detalles/1559; https://www.expreso.com.pe/politica/partido-progresemos-a-favor-de-pena-capital-ya-no-hay-lugar-para-tibios-senala-fundador-paul-jaimes-blanco-congreso-miguel-llanos-corte-idh-noticia/1158435/","2","https://candidatosperu2026.neocities.org/"
"prog-pj","Paul Jaimes","Progresemos","educacion","Educacion","Sin plan sectorial propio 2024–2025 con metas y presupuesto publicado.","No se identificó un documento programático propio 2024–2025 con metas, cronograma y presupuesto atribuible al candidato o al partido. En su discurso general vincula calidad de servicios y meritocracia, pero sin matriz educativa publicada.","","0","https://candidatosperu2026.neocities.org/"
"prog-pj","Paul Jaimes","Progresemos","mineria","Mineria","Sin propuesta sectorial propia con indicadores verificables publicada.","No hay lineamientos mineros detallados (objetivos, indicadores, gestión de conflictos y trazabilidad socioambiental) publicados por el candidato en 2024–2025.","","0","https://candidatosperu2026.neocities.org/"
"prog-pj","Paul Jaimes","Progresemos","produccion","Produccion","Sin lineamientos productivos formales con cronograma y KPIs.","No se halló un plan productivo nacional con KPIs, cronograma e inversión. El foco comunicacional del partido prioriza agenda ambiental/animalista y orden institucional.","https://progresemos.pe/","1","https://candidatosperu2026.neocities.org/"
"prog-pj","Paul Jaimes","Progresemos","economia","Economia","Enfoque de eficiencia del gasto; sin marco macro propio 2024–2025.","Sin marco macroeconómico propio actualizado 2024–2025 con metas de crecimiento, déficit o inversión; el énfasis público está en eficiencia del gasto y control del Estado.","","0","https://candidatosperu2026.neocities.org/"
"prog-pj","Paul Jaimes","Progresemos","social","Social","Agenda animalista/ambiental; sin plan social nacional con KPIs.","Agenda animalista y ambiental: promover bienestar animal e incorporar la protección de la naturaleza en la política pública. A falta de un plan social con KPIs y presupuesto, se deja constancia de la ausencia de documento sectorial.","https://rpp.pe/politica/elecciones/somos-el-primer-partido-ecologista-animalista-de-latinoamerica-afirma-paul-jaimes-precandidato-presidencial-de-progresemos-noticia-1658223","1","https://candidatosperu2026.neocities.org/"
"prin-wc","Walter Chirinos","PRIN (Partido Regionalista de Integración Nacional)","seguridad","Seguridad","“Por un Perú sin miedo”: mano firme contra crimen y coordinación PNP–FF.AA.","Eje “Por un Perú sin miedo”: operaciones integradas, principio de autoridad y medidas punitivas contra crimen organizado; propone reforzar coordinación PNP–FF.AA. y controles tecnológicos. Sustento público en notas/entrevistas; no hay plan sectorial firmado con metas, presupuesto y cronograma (2024–2025).","https://eleccionesperu.pe/por-un-peru-sin-miedo-walter-chirinos-precandidato-presidencial-presenta-su-propuesta-mas-firme-contra-la-delincuencia/; https://www.youtube.com/watch?v=-q8kqAw2X2E","2","https://candidatosperu2026.neocities.org/"
"prin-wc","Walter Chirinos","PRIN (Partido Regionalista de Integración Nacional)","educacion","Educacion","Sin plan sectorial propio 2024–2025 con metas y presupuesto publicado.","No se identificó documento programático propio 2024–2025 con metas, KPIs y presupuesto. El ideario partidario enfatiza valores, ética pública e inclusión desde la descentralización.","https://prin.org.pe/acerca-de","1","https://candidatosperu2026.neocities.org/"
"prin-wc","Walter Chirinos","PRIN (Partido Regionalista de Integración Nacional)","mineria","Mineria","Sin propuesta sectorial propia con indicadores verificables publicada.","No hay lineamientos mineros propios publicados con objetivos, indicadores y enfoque socioambiental (2024–2025). Se deja constancia.","","0","https://candidatosperu2026.neocities.org/"
"prin-wc","Walter Chirinos","PRIN (Partido Regionalista de Integración Nacional)","produccion","Produccion","Impulso productivo regional; sin cronograma/ KPIs públicos.","Narrativa regionalista: impulsar cadenas de valor e infraestructura desde regiones y movimientos regionales (coalición electoral 2026). No se halló plan productivo con KPIs y cronograma.","https://prin.org.pe/noticias/ayacucho-el-prin-y-la-asociacion-de-movimientos-regionales-firman-coalicion-electoral-para-2026-1207; https://prin.org.pe/","2","https://candidatosperu2026.neocities.org/"
"prin-wc","Walter Chirinos","PRIN (Partido Regionalista de Integración Nacional)","economia","Economia","Eficiencia y control del gasto; sin marco macro propio 2024–2025.","Mensajes de integridad, control del gasto y eficiencia en adquisiciones públicas; sin marco macroeconómico 2024–2025 con metas de crecimiento, déficit e inversión.","https://prin.org.pe/","1","https://candidatosperu2026.neocities.org/"
"prin-wc","Walter Chirinos","PRIN (Partido Regionalista de Integración Nacional)","social","Social","Descentralización de servicios; sin plan social nacional con KPIs.","Descentralización y presencia estatal en territorio para mejorar servicios; sin plan social nacional con KPIs y presupuesto publicado (2024–2025).","https://prin.org.pe/acerca-de","1","https://candidatosperu2026.neocities.org/"
"un-rc","Roberto Chiabra","Alianza Unidad Nacional","seguridad","Seguridad","Plan en tres fases (prevención–intervención–resocialización); medidas excepcionales ante crisis; coordinación interinstitucional.","Ha expuesto un esquema en tres fases (prevención, intervención y resocialización) y la necesidad de medidas excepcionales por la magnitud de la inseguridad; se ha pronunciado también sobre el debate de la pena de muerte en casos de violación de menores.","https://www.youtube.com/watch?v=4o7x-z_UoTg; https://www.youtube.com/watch?v=DB5lr6RgD08; https://www.facebook.com/radionacionaldelperu/posts/1015661830603508/","3","https://candidatosperu2026.neocities.org/"
"un-rc","Roberto Chiabra","Alianza Unidad Nacional","educacion","Educacion","Sin plan sectorial propio con metas y presupuesto publicadas en 2024–2025.","No se identificó un documento programático propio del candidato, con metas, cronograma y presupuesto, publicado en 2024–2025.","","0","https://candidatosperu2026.neocities.org/"
"un-rc","Roberto Chiabra","Alianza Unidad Nacional","mineria","Mineria","Enfoque de seguridad sobre economías ilegales (minería ilegal) dentro de la lucha contra el crimen; sin plan minero propio detallado.","Planteamientos ligados al control del crimen organizado y de la minería ilegal desde el enfoque de seguridad; no hay plan minero sectorial propio con indicadores.","https://www.youtube.com/watch?v=4o7x-z_UoTg","1","https://candidatosperu2026.neocities.org/"
"un-rc","Roberto Chiabra","Alianza Unidad Nacional","produccion","Produccion","Sin lineamientos productivos específicos publicados en 2024–2025.","No se hallaron lineamientos productivos específicos del candidato en fuente primaria/seria con detalle técnico en 2024–2025.","","0","https://candidatosperu2026.neocities.org/"
"un-rc","Roberto Chiabra","Alianza Unidad Nacional","economia","Economia","Crítica al Presupuesto 2025 y llamado a disciplina del gasto; énfasis anticorrupción.","Votó en contra del Presupuesto 2025 alegando razones de ética y prudencia fiscal; plantea disciplina del gasto y eficiencia.","https://www.facebook.com/JLVNOTICIAS28/videos/general-roberto-chiabra-mi-voto-en-contra-del-presupuesto-nacional-del-2025-fue-/1297859638701697/","1","https://candidatosperu2026.neocities.org/"
"un-rc","Roberto Chiabra","Alianza Unidad Nacional","social","Social","Institucionalidad, servicios públicos y seguridad ciudadana como eje; sin matriz social propia con KPIs publicada.","En entrevistas enfatiza institucionalidad democrática, lucha contra la corrupción y seguridad como base de cohesión social; sin plan social con KPIs publicado.","https://www.youtube.com/watch?v=d55-FOpbDOo","1","https://candidatosperu2026.neocities.org/"
"fdc","Francisco Diez Canseco","Perú Acción","seguridad","Seguridad","Endurecer penas y reforzar PNP.","","","0","https://candidatosperu2026.neocities.org/"
"fdc","Francisco Diez Canseco","Perú Acción","educacion","Educacion","Calidad educativa y carrera docente.","","","0","https://candidatosperu2026.neocities.org/"
"fdc","Francisco Diez Canseco","Perú Acción","mineria","Mineria","Estabilidad jurídica e inversión.","","","0","https://candidatosperu2026.neocities.org/"
"fdc","Francisco Diez Canseco","Perú Acción","produccion","Produccion","Apertura comercial.","","","0","https://candidatosperu2026.neocities.org/"
"fdc","Francisco Diez Canseco","Perú Acción","economia","Economia","Promercado.","","","0","https://candidatosperu2026.neocities.org/"
"fdc","Francisco Diez Canseco","Perú Acción","social","Social","Conservador.","","","0","https://candidatosperu2026.neocities.org/"