"Partido","Anexo","Concepto","Tipo","Monto","FechaPresentacion","ProcesoElectoral","Fuente","Observacion"
"Alianza para el Progreso","5A","Saldo inicial de campaña electoral","Ingreso","0.00","20/03/2026","","https://claridadportal.onpe.gob.pe/financiamiento-privado/informacion-financiera-campana-electoral","Registro cargado desde captura ONPE Claridad"
"Alianza para el Progreso","5B","Aportaciones individuales en efectivo y en especie","Ingreso","7196365.60","20/03/2026","","https://claridadportal.onpe.gob.pe/financiamiento-privado/informacion-financiera-campana-electoral","Registro cargado desde captura ONPE Claridad"
"Alianza para el Progreso","5C","Ingreso por actividades de financiamiento proselitista","Ingreso","0.00","20/03/2026","","https://claridadportal.onpe.gob.pe/financiamiento-privado/informacion-financiera-campana-electoral","Registro cargado desde captura ONPE Claridad"
"Alianza para el Progreso","5D","Otros ingresos de campaña electoral","Ingreso","0.00","20/03/2026","","https://claridadportal.onpe.gob.pe/financiamiento-privado/informacion-financiera-campana-electoral","Registro cargado desde captura ONPE Claridad"
"Alianza para el Progreso","6A","Gastos de propaganda electoral efectuados en medios de comunicación","Gasto","4126901.12","20/03/2026","","https://claridadportal.onpe.gob.pe/financiamiento-privado/informacion-financiera-campana-electoral","Registro cargado desde captura ONPE Claridad"
"Alianza para el Progreso","6B","Otros gastos de propaganda electoral","Gasto","2281965.18","20/03/2026","","https://claridadportal.onpe.gob.pe/financiamiento-privado/informacion-financiera-campana-electoral","Registro cargado desde captura ONPE Claridad"
"Alianza para el Progreso","6C","Otros gastos de campaña electoral distintos a la propaganda electoral","Gasto","826299.30","20/03/2026","","https://claridadportal.onpe.gob.pe/financiamiento-privado/informacion-financiera-campana-electoral","Registro cargado desde captura ONPE Claridad"
"Ahora Nación","5A","Saldo inicial de campaña electoral","Ingreso","0.00","20/03/2026","","https://claridadportal.onpe.gob.pe/financiamiento-privado/informacion-financiera-campana-electoral","Registro cargado desde captura ONPE Claridad"
"Ahora Nación","5B","Aportaciones individuales en efectivo y en especie","Ingreso","574320.80","20/03/2026","","https://claridadportal.onpe.gob.pe/financiamiento-privado/informacion-financiera-campana-electoral","Registro cargado desde captura ONPE Claridad"
"Ahora Nación","5C","Ingreso por actividades de financiamiento proselitista","Ingreso","0.00","20/03/2026","","https://claridadportal.onpe.gob.pe/financiamiento-privado/informacion-financiera-campana-electoral","Registro cargado desde captura ONPE Claridad"
"Ahora Nación","5D","Otros ingresos de campaña electoral","Ingreso","0.00","20/03/2026","","https://claridadportal.onpe.gob.pe/financiamiento-privado/informacion-financiera-campana-electoral","Registro cargado desde captura ONPE Claridad"
"Ahora Nación","6A","Gastos de propaganda electoral efectuados en medios de comunicación","Gasto","94988.99","20/03/2026","","https://claridadportal.onpe.gob.pe/financiamiento-privado/informacion-financiera-campana-electoral","Registro cargado desde captura ONPE Claridad"
"Ahora Nación","6B","Otros gastos de propaganda electoral","Gasto","43352.00","20/03/2026","","https://claridadportal.onpe.gob.pe/financiamiento-privado/informacion-financiera-campana-electoral","Registro cargado desde captura ONPE Claridad"
"Ahora Nación","6C","Otros gastos de campaña electoral distintos a la propaganda electoral","Gasto","134096.75","20/03/2026","","https://claridadportal.onpe.gob.pe/financiamiento-privado/informacion-financiera-campana-electoral","Registro cargado desde captura ONPE Claridad"
"Alianza Electoral Venceremos","5A","Saldo inicial de campaña electoral","Ingreso","0.00","20/03/2026","","https://claridadportal.onpe.gob.pe/financiamiento-privado/informacion-financiera-campana-electoral","Registro cargado desde captura ONPE Claridad"
"Alianza Electoral Venceremos","5B","Aportaciones individuales en efectivo y en especie","Ingreso","13200.00","20/03/2026","","https://claridadportal.onpe.gob.pe/financiamiento-privado/informacion-financiera-campana-electoral","Registro cargado desde captura ONPE Claridad"
"Alianza Electoral Venceremos","5C","Ingreso por actividades de financiamiento proselitista","Ingreso","0.00","20/03/2026","","https://claridadportal.onpe.gob.pe/financiamiento-privado/informacion-financiera-campana-electoral","Registro cargado desde captura ONPE Claridad"
"Alianza Electoral Venceremos","5D","Otros ingresos de campaña electoral","Ingreso","0.00","20/03/2026","","https://claridadportal.onpe.gob.pe/financiamiento-privado/informacion-financiera-campana-electoral","Registro cargado desde captura ONPE Claridad"
"Alianza Electoral Venceremos","6A","Gastos de propaganda electoral efectuados en medios de comunicación","Gasto","0.00","20/03/2026","","https://claridadportal.onpe.gob.pe/financiamiento-privado/informacion-financiera-campana-electoral","Registro cargado desde captura ONPE Claridad"
"Alianza Electoral Venceremos","6B","Otros gastos de propaganda electoral","Gasto","1100.00","20/03/2026","","https://claridadportal.onpe.gob.pe/financiamiento-privado/informacion-financiera-campana-electoral","Registro cargado desde captura ONPE Claridad"
"Alianza Electoral Venceremos","6C","Otros gastos de campaña electoral distintos a la propaganda electoral","Gasto","11267.50","20/03/2026","","https://claridadportal.onpe.gob.pe/financiamiento-privado/informacion-financiera-campana-electoral","Registro cargado desde captura ONPE Claridad"
"Avanza Pais-Partido de Integracion Social","5A","Saldo inicial de campaña electoral","Ingreso","0.00","20/03/2026","","https://claridadportal.onpe.gob.pe/financiamiento-privado/informacion-financiera-campana-electoral","Registro cargado desde captura ONPE Claridad"
"Avanza Pais-Partido de Integracion Social","5B","Aportaciones individuales en efectivo y en especie","Ingreso","918964.51","20/03/2026","","https://claridadportal.onpe.gob.pe/financiamiento-privado/informacion-financiera-campana-electoral","Registro cargado desde captura ONPE Claridad"
"Avanza Pais-Partido de Integracion Social","5C","Ingreso por actividades de financiamiento proselitista","Ingreso","0.00","20/03/2026","","https://claridadportal.onpe.gob.pe/financiamiento-privado/informacion-financiera-campana-electoral","Registro cargado desde captura ONPE Claridad"
"Avanza Pais-Partido de Integracion Social","5D","Otros ingresos de campaña electoral","Ingreso","0.00","20/03/2026","","https://claridadportal.onpe.gob.pe/financiamiento-privado/informacion-financiera-campana-electoral","Registro cargado desde captura ONPE Claridad"
"Avanza Pais-Partido de Integracion Social","6A","Gastos de propaganda electoral efectuados en medios de comunicación","Gasto","163505.83","20/03/2026","","https://claridadportal.onpe.gob.pe/financiamiento-privado/informacion-financiera-campana-electoral","Registro cargado desde captura ONPE Claridad"
"Avanza Pais-Partido de Integracion Social","6B","Otros gastos de propaganda electoral","Gasto","276960.61","20/03/2026","","https://claridadportal.onpe.gob.pe/financiamiento-privado/informacion-financiera-campana-electoral","Registro cargado desde captura ONPE Claridad"
"Avanza Pais-Partido de Integracion Social","6C","Otros gastos de campaña electoral distintos a la propaganda electoral","Gasto","208132.44","20/03/2026","","https://claridadportal.onpe.gob.pe/financiamiento-privado/informacion-financiera-campana-electoral","Registro cargado desde captura ONPE Claridad"
"Fe en el Peru","5A","Saldo inicial de campaña electoral","Ingreso","0.00","20/03/2026","","https://claridadportal.onpe.gob.pe/financiamiento-privado/informacion-financiera-campana-electoral","Registro cargado desde captura ONPE Claridad"
"Fe en el Peru","5B","Aportaciones individuales en efectivo y en especie","Ingreso","139749.00","20/03/2026","","https://claridadportal.onpe.gob.pe/financiamiento-privado/informacion-financiera-campana-electoral","Registro cargado desde captura ONPE Claridad"
"Fe en el Peru","5C","Ingreso por actividades de financiamiento proselitista","Ingreso","0.00","20/03/2026","","https://claridadportal.onpe.gob.pe/financiamiento-privado/informacion-financiera-campana-electoral","Registro cargado desde captura ONPE Claridad"
"Fe en el Peru","5D","Otros ingresos de campaña electoral","Ingreso","0.00","20/03/2026","","https://claridadportal.onpe.gob.pe/financiamiento-privado/informacion-financiera-campana-electoral","Registro cargado desde captura ONPE Claridad"
"Fe en el Peru","6A","Gastos de propaganda electoral efectuados en medios de comunicación","Gasto","0.00","20/03/2026","","https://claridadportal.onpe.gob.pe/financiamiento-privado/informacion-financiera-campana-electoral","Registro cargado desde captura ONPE Claridad"
"Fe en el Peru","6B","Otros gastos de propaganda electoral","Gasto","0.00","20/03/2026","","https://claridadportal.onpe.gob.pe/financiamiento-privado/informacion-financiera-campana-electoral","Registro cargado desde captura ONPE Claridad"
"Fe en el Peru","6C","Otros gastos de campaña electoral distintos a la propaganda electoral","Gasto","97074.89","20/03/2026","","https://claridadportal.onpe.gob.pe/financiamiento-privado/informacion-financiera-campana-electoral","Registro cargado desde captura ONPE Claridad"
"Frente Popular Agricola Fia del Peru","5A","Saldo inicial de campaña electoral","Ingreso","350000.00","20/03/2026","","https://claridadportal.onpe.gob.pe/financiamiento-privado/informacion-financiera-campana-electoral","Registro cargado desde captura ONPE Claridad"
"Frente Popular Agricola Fia del Peru","5B","Aportaciones individuales en efectivo y en especie","Ingreso","136564.12","20/03/2026","","https://claridadportal.onpe.gob.pe/financiamiento-privado/informacion-financiera-campana-electoral","Registro cargado desde captura ONPE Claridad"
"Frente Popular Agricola Fia del Peru","5C","Ingreso por actividades de financiamiento proselitista","Ingreso","0.00","20/03/2026","","https://claridadportal.onpe.gob.pe/financiamiento-privado/informacion-financiera-campana-electoral","Registro cargado desde captura ONPE Claridad"
"Frente Popular Agricola Fia del Peru","5D","Otros ingresos de campaña electoral","Ingreso","0.00","20/03/2026","","https://claridadportal.onpe.gob.pe/financiamiento-privado/informacion-financiera-campana-electoral","Registro cargado desde captura ONPE Claridad"
"Frente Popular Agricola Fia del Peru","6A","Gastos de propaganda electoral efectuados en medios de comunicación","Gasto","112211.46","20/03/2026","","https://claridadportal.onpe.gob.pe/financiamiento-privado/informacion-financiera-campana-electoral","Registro cargado desde captura ONPE Claridad"
"Frente Popular Agricola Fia del Peru","6B","Otros gastos de propaganda electoral","Gasto","219599.01","20/03/2026","","https://claridadportal.onpe.gob.pe/financiamiento-privado/informacion-financiera-campana-electoral","Registro cargado desde captura ONPE Claridad"
"Frente Popular Agricola Fia del Peru","6C","Otros gastos de campaña electoral distintos a la propaganda electoral","Gasto","54907.89","20/03/2026","","https://claridadportal.onpe.gob.pe/financiamiento-privado/informacion-financiera-campana-electoral","Registro cargado desde captura ONPE Claridad"
"Fuerza Popular","5A","Saldo inicial de campaña electoral","Ingreso","84018.71","20/03/2026","","https://claridadportal.onpe.gob.pe/financiamiento-privado/informacion-financiera-campana-electoral","Registro cargado desde captura ONPE Claridad"
"Fuerza Popular","5B","Aportaciones individuales en efectivo y en especie","Ingreso","506119.87","20/03/2026","","https://claridadportal.onpe.gob.pe/financiamiento-privado/informacion-financiera-campana-electoral","Registro cargado desde captura ONPE Claridad"
"Fuerza Popular","5C","Ingreso por actividades de financiamiento proselitista","Ingreso","0.00","20/03/2026","","https://claridadportal.onpe.gob.pe/financiamiento-privado/informacion-financiera-campana-electoral","Registro cargado desde captura ONPE Claridad"
"Fuerza Popular","5D","Otros ingresos de campaña electoral","Ingreso","0.00","20/03/2026","","https://claridadportal.onpe.gob.pe/financiamiento-privado/informacion-financiera-campana-electoral","Registro cargado desde captura ONPE Claridad"
"Fuerza Popular","6A","Gastos de propaganda electoral efectuados en medios de comunicación","Gasto","1649.00","20/03/2026","","https://claridadportal.onpe.gob.pe/financiamiento-privado/informacion-financiera-campana-electoral","Registro cargado desde captura ONPE Claridad"
"Fuerza Popular","6B","Otros gastos de propaganda electoral","Gasto","235906.10","20/03/2026","","https://claridadportal.onpe.gob.pe/financiamiento-privado/informacion-financiera-campana-electoral","Registro cargado desde captura ONPE Claridad"
"Fuerza Popular","6C","Otros gastos de campaña electoral distintos a la propaganda electoral","Gasto","352583.48","20/03/2026","","https://claridadportal.onpe.gob.pe/financiamiento-privado/informacion-financiera-campana-electoral","Registro cargado desde captura ONPE Claridad"
"Fuerza y Libertad","5A","Saldo inicial de campaña electoral","Ingreso","0.00","20/03/2026","","https://claridadportal.onpe.gob.pe/financiamiento-privado/informacion-financiera-campana-electoral","Registro cargado desde captura ONPE Claridad"
"Fuerza y Libertad","5B","Aportaciones individuales en efectivo y en especie","Ingreso","63383.72","20/03/2026","","https://claridadportal.onpe.gob.pe/financiamiento-privado/informacion-financiera-campana-electoral","Registro cargado desde captura ONPE Claridad"
"Fuerza y Libertad","5C","Ingreso por actividades de financiamiento proselitista","Ingreso","0.00","20/03/2026","","https://claridadportal.onpe.gob.pe/financiamiento-privado/informacion-financiera-campana-electoral","Registro cargado desde captura ONPE Claridad"
"Fuerza y Libertad","5D","Otros ingresos de campaña electoral","Ingreso","0.00","20/03/2026","","https://claridadportal.onpe.gob.pe/financiamiento-privado/informacion-financiera-campana-electoral","Registro cargado desde captura ONPE Claridad"
"Fuerza y Libertad","6A","Gastos de propaganda electoral efectuados en medios de comunicación","Gasto","40742.29","20/03/2026","","https://claridadportal.onpe.gob.pe/financiamiento-privado/informacion-financiera-campana-electoral","Registro cargado desde captura ONPE Claridad"
"Fuerza y Libertad","6B","Otros gastos de propaganda electoral","Gasto","16000.00","20/03/2026","","https://claridadportal.onpe.gob.pe/financiamiento-privado/informacion-financiera-campana-electoral","Registro cargado desde captura ONPE Claridad"
"Fuerza y Libertad","6C","Otros gastos de campaña electoral distintos a la propaganda electoral","Gasto","5638.01","20/03/2026","","https://claridadportal.onpe.gob.pe/financiamiento-privado/informacion-financiera-campana-electoral","Registro cargado desde captura ONPE Claridad"
"Juntos por el Peru","5A","Saldo inicial de campaña electoral","Ingreso","0.00","20/03/2026","","https://claridadportal.onpe.gob.pe/financiamiento-privado/informacion-financiera-campana-electoral","Registro cargado desde captura ONPE Claridad"
"Juntos por el Peru","5B","Aportaciones individuales en efectivo y en especie","Ingreso","93387.78","20/03/2026","","https://claridadportal.onpe.gob.pe/financiamiento-privado/informacion-financiera-campana-electoral","Registro cargado desde captura ONPE Claridad"
"Juntos por el Peru","5C","Ingreso por actividades de financiamiento proselitista","Ingreso","0.00","20/03/2026","","https://claridadportal.onpe.gob.pe/financiamiento-privado/informacion-financiera-campana-electoral","Registro cargado desde captura ONPE Claridad"
"Juntos por el Peru","5D","Otros ingresos de campaña electoral","Ingreso","0.00","20/03/2026","","https://claridadportal.onpe.gob.pe/financiamiento-privado/informacion-financiera-campana-electoral","Registro cargado desde captura ONPE Claridad"
"Juntos por el Peru","6A","Gastos de propaganda electoral efectuados en medios de comunicación","Gasto","1319.75","20/03/2026","","https://claridadportal.onpe.gob.pe/financiamiento-privado/informacion-financiera-campana-electoral","Registro cargado desde captura ONPE Claridad"
"Juntos por el Peru","6B","Otros gastos de propaganda electoral","Gasto","79925.00","20/03/2026","","https://claridadportal.onpe.gob.pe/financiamiento-privado/informacion-financiera-campana-electoral","Registro cargado desde captura ONPE Claridad"
"Juntos por el Peru","6C","Otros gastos de campaña electoral distintos a la propaganda electoral","Gasto","12143.03","20/03/2026","","https://claridadportal.onpe.gob.pe/financiamiento-privado/informacion-financiera-campana-electoral","Registro cargado desde captura ONPE Claridad"
"Libertad Popular","5A","Saldo inicial de campaña electoral","Ingreso","230.00","20/03/2026","","https://claridadportal.onpe.gob.pe/financiamiento-privado/informacion-financiera-campana-electoral","Registro cargado desde captura ONPE Claridad"
"Libertad Popular","5B","Aportaciones individuales en efectivo y en especie","Ingreso","1522950.00","20/03/2026","","https://claridadportal.onpe.gob.pe/financiamiento-privado/informacion-financiera-campana-electoral","Registro cargado desde captura ONPE Claridad"
"Libertad Popular","5C","Ingreso por actividades de financiamiento proselitista","Ingreso","54040.00","20/03/2026","","https://claridadportal.onpe.gob.pe/financiamiento-privado/informacion-financiera-campana-electoral","Registro cargado desde captura ONPE Claridad"
"Libertad Popular","5D","Otros ingresos de campaña electoral","Ingreso","0.00","20/03/2026","","https://claridadportal.onpe.gob.pe/financiamiento-privado/informacion-financiera-campana-electoral","Registro cargado desde captura ONPE Claridad"
"Libertad Popular","6A","Gastos de propaganda electoral efectuados en medios de comunicación","Gasto","704513.82","20/03/2026","","https://claridadportal.onpe.gob.pe/financiamiento-privado/informacion-financiera-campana-electoral","Registro cargado desde captura ONPE Claridad"
"Libertad Popular","6B","Otros gastos de propaganda electoral","Gasto","119438.88","20/03/2026","","https://claridadportal.onpe.gob.pe/financiamiento-privado/informacion-financiera-campana-electoral","Registro cargado desde captura ONPE Claridad"
"Libertad Popular","6C","Otros gastos de campaña electoral distintos a la propaganda electoral","Gasto","186430.08","20/03/2026","","https://claridadportal.onpe.gob.pe/financiamiento-privado/informacion-financiera-campana-electoral","Registro cargado desde captura ONPE Claridad"
"Partido Aprista Peruano","5A","Saldo inicial de campaña electoral","Ingreso","0.00","20/03/2026","","https://claridadportal.onpe.gob.pe/financiamiento-privado/informacion-financiera-campana-electoral","Registro cargado desde captura ONPE Claridad"
"Partido Aprista Peruano","5B","Aportaciones individuales en efectivo y en especie","Ingreso","5495.00","20/03/2026","","https://claridadportal.onpe.gob.pe/financiamiento-privado/informacion-financiera-campana-electoral","Registro cargado desde captura ONPE Claridad"
"Partido Aprista Peruano","5C","Ingreso por actividades de financiamiento proselitista","Ingreso","0.00","20/03/2026","","https://claridadportal.onpe.gob.pe/financiamiento-privado/informacion-financiera-campana-electoral","Registro cargado desde captura ONPE Claridad"
"Partido Aprista Peruano","5D","Otros ingresos de campaña electoral","Ingreso","185192.10","20/03/2026","","https://claridadportal.onpe.gob.pe/financiamiento-privado/informacion-financiera-campana-electoral","Registro cargado desde captura ONPE Claridad"
"Partido Aprista Peruano","6A","Gastos de propaganda electoral efectuados en medios de comunicación","Gasto","0.00","20/03/2026","","https://claridadportal.onpe.gob.pe/financiamiento-privado/informacion-financiera-campana-electoral","Registro cargado desde captura ONPE Claridad"
"Partido Aprista Peruano","6B","Otros gastos de propaganda electoral","Gasto","130319.66","20/03/2026","","https://claridadportal.onpe.gob.pe/financiamiento-privado/informacion-financiera-campana-electoral","Registro cargado desde captura ONPE Claridad"
"Partido Aprista Peruano","6C","Otros gastos de campaña electoral distintos a la propaganda electoral","Gasto","5175.21","20/03/2026","","https://claridadportal.onpe.gob.pe/financiamiento-privado/informacion-financiera-campana-electoral","Registro cargado desde captura ONPE Claridad"
"Partido Ciudadanos por el Perú","5A","Saldo inicial de campaña electoral","Ingreso","0.00","20/03/2026","","https://claridadportal.onpe.gob.pe/financiamiento-privado/informacion-financiera-campana-electoral","No presentaron rendición"
"Partido Ciudadanos por el Perú","5B","Aportaciones individuales en efectivo y en especie","Ingreso","0.00","20/03/2026","","https://claridadportal.onpe.gob.pe/financiamiento-privado/informacion-financiera-campana-electoral","No presentaron rendición"
"Partido Ciudadanos por el Perú","5C","Ingreso por actividades de financiamiento proselitista","Ingreso","0.00","20/03/2026","","https://claridadportal.onpe.gob.pe/financiamiento-privado/informacion-financiera-campana-electoral","No presentaron rendición"
"Partido Ciudadanos por el Perú","5D","Otros ingresos de campaña electoral","Ingreso","0.00","20/03/2026","","https://claridadportal.onpe.gob.pe/financiamiento-privado/informacion-financiera-campana-electoral","No presentaron rendición"
"Partido Ciudadanos por el Perú","6A","Gastos de propaganda electoral efectuados en medios de comunicación","Gasto","0.00","20/03/2026","","https://claridadportal.onpe.gob.pe/financiamiento-privado/informacion-financiera-campana-electoral","No presentaron rendición"
"Partido Ciudadanos por el Perú","6B","Otros gastos de propaganda electoral","Gasto","0.00","20/03/2026","","https://claridadportal.onpe.gob.pe/financiamiento-privado/informacion-financiera-campana-electoral","No presentaron rendición"
"Partido Ciudadanos por el Perú","6C","Otros gastos de campaña electoral distintos a la propaganda electoral","Gasto","0.00","20/03/2026","","https://claridadportal.onpe.gob.pe/financiamiento-privado/informacion-financiera-campana-electoral","No presentaron rendición"
"Partido Cívico OBRAS","5A","Saldo inicial de campaña electoral","Ingreso","0.00","20/03/2026","","https://claridadportal.onpe.gob.pe/financiamiento-privado/informacion-financiera-campana-electoral","Registro cargado desde captura ONPE Claridad"
"Partido Cívico OBRAS","5B","Aportaciones individuales en efectivo y en especie","Ingreso","0.00","20/03/2026","","https://claridadportal.onpe.gob.pe/financiamiento-privado/informacion-financiera-campana-electoral","Registro cargado desde captura ONPE Claridad"
"Partido Cívico OBRAS","5C","Ingreso por actividades de financiamiento proselitista","Ingreso","0.00","20/03/2026","","https://claridadportal.onpe.gob.pe/financiamiento-privado/informacion-financiera-campana-electoral","Registro cargado desde captura ONPE Claridad"
"Partido Cívico OBRAS","5D","Otros ingresos de campaña electoral","Ingreso","174175.92","20/03/2026","","https://claridadportal.onpe.gob.pe/financiamiento-privado/informacion-financiera-campana-electoral","Registro cargado desde captura ONPE Claridad"
"Partido Cívico OBRAS","6A","Gastos de propaganda electoral efectuados en medios de comunicación","Gasto","0.00","20/03/2026","","https://claridadportal.onpe.gob.pe/financiamiento-privado/informacion-financiera-campana-electoral","Registro cargado desde captura ONPE Claridad"
"Partido Cívico OBRAS","6B","Otros gastos de propaganda electoral","Gasto","0.00","20/03/2026","","https://claridadportal.onpe.gob.pe/financiamiento-privado/informacion-financiera-campana-electoral","Registro cargado desde captura ONPE Claridad"
"Partido Cívico OBRAS","6C","Otros gastos de campaña electoral distintos a la propaganda electoral","Gasto","28485.00","20/03/2026","","https://claridadportal.onpe.gob.pe/financiamiento-privado/informacion-financiera-campana-electoral","Registro cargado desde captura ONPE Claridad"
"Partido de los Trabajadores y Emprendedores PTE-Peru","5A","Saldo inicial de campaña electoral","Ingreso","7670.00","20/03/2026","","https://claridadportal.onpe.gob.pe/financiamiento-privado/informacion-financiera-campana-electoral","Registro cargado desde captura ONPE Claridad"
"Partido de los Trabajadores y Emprendedores PTE-Peru","5B","Aportaciones individuales en efectivo y en especie","Ingreso","1740.00","20/03/2026","","https://claridadportal.onpe.gob.pe/financiamiento-privado/informacion-financiera-campana-electoral","Registro cargado desde captura ONPE Claridad"
"Partido de los Trabajadores y Emprendedores PTE-Peru","5C","Ingreso por actividades de financiamiento proselitista","Ingreso","6487.90","20/03/2026","","https://claridadportal.onpe.gob.pe/financiamiento-privado/informacion-financiera-campana-electoral","Registro cargado desde captura ONPE Claridad"
"Partido de los Trabajadores y Emprendedores PTE-Peru","5D","Otros ingresos de campaña electoral","Ingreso","58650.00","20/03/2026","","https://claridadportal.onpe.gob.pe/financiamiento-privado/informacion-financiera-campana-electoral","Registro cargado desde captura ONPE Claridad"
"Partido de los Trabajadores y Emprendedores PTE-Peru","6A","Gastos de propaganda electoral efectuados en medios de comunicación","Gasto","1765.00","20/03/2026","","https://claridadportal.onpe.gob.pe/financiamiento-privado/informacion-financiera-campana-electoral","Registro cargado desde captura ONPE Claridad"
"Partido de los Trabajadores y Emprendedores PTE-Peru","6B","Otros gastos de propaganda electoral","Gasto","2654.00","20/03/2026","","https://claridadportal.onpe.gob.pe/financiamiento-privado/informacion-financiera-campana-electoral","Registro cargado desde captura ONPE Claridad"
"Partido de los Trabajadores y Emprendedores PTE-Peru","6C","Otros gastos de campaña electoral distintos a la propaganda electoral","Gasto","14178.56","20/03/2026","","https://claridadportal.onpe.gob.pe/financiamiento-privado/informacion-financiera-campana-electoral","Registro cargado desde captura ONPE Claridad"
"Partido del Buen Gobierno","5A","Saldo inicial de campaña electoral","Ingreso","0.00","20/03/2026","","https://claridadportal.onpe.gob.pe/financiamiento-privado/informacion-financiera-campana-electoral","Registro cargado desde captura ONPE Claridad"
"Partido del Buen Gobierno","5B","Aportaciones individuales en efectivo y en especie","Ingreso","94959.00","20/03/2026","","https://claridadportal.onpe.gob.pe/financiamiento-privado/informacion-financiera-campana-electoral","Registro cargado desde captura ONPE Claridad"
"Partido del Buen Gobierno","5C","Ingreso por actividades de financiamiento proselitista","Ingreso","15890.00","20/03/2026","","https://claridadportal.onpe.gob.pe/financiamiento-privado/informacion-financiera-campana-electoral","Registro cargado desde captura ONPE Claridad"
"Partido del Buen Gobierno","5D","Otros ingresos de campaña electoral","Ingreso","0.00","20/03/2026","","https://claridadportal.onpe.gob.pe/financiamiento-privado/informacion-financiera-campana-electoral","Registro cargado desde captura ONPE Claridad"
"Partido del Buen Gobierno","6A","Gastos de propaganda electoral efectuados en medios de comunicación","Gasto","68400.01","20/03/2026","","https://claridadportal.onpe.gob.pe/financiamiento-privado/informacion-financiera-campana-electoral","Registro cargado desde captura ONPE Claridad"
"Partido del Buen Gobierno","6B","Otros gastos de propaganda electoral","Gasto","18594.32","20/03/2026","","https://claridadportal.onpe.gob.pe/financiamiento-privado/informacion-financiera-campana-electoral","Registro cargado desde captura ONPE Claridad"
"Partido del Buen Gobierno","6C","Otros gastos de campaña electoral distintos a la propaganda electoral","Gasto","14062.38","20/03/2026","","https://claridadportal.onpe.gob.pe/financiamiento-privado/informacion-financiera-campana-electoral","Registro cargado desde captura ONPE Claridad"
"Partido Democrata Unido Peru","5A","Saldo inicial de campaña electoral","Ingreso","10000.00","20/03/2026","","https://claridadportal.onpe.gob.pe/financiamiento-privado/informacion-financiera-campana-electoral","Registro cargado desde captura ONPE Claridad"
"Partido Democrata Unido Peru","5B","Aportaciones individuales en efectivo y en especie","Ingreso","40120.00","20/03/2026","","https://claridadportal.onpe.gob.pe/financiamiento-privado/informacion-financiera-campana-electoral","Registro cargado desde captura ONPE Claridad"
"Partido Democrata Unido Peru","5C","Ingreso por actividades de financiamiento proselitista","Ingreso","0.00","20/03/2026","","https://claridadportal.onpe.gob.pe/financiamiento-privado/informacion-financiera-campana-electoral","Registro cargado desde captura ONPE Claridad"
"Partido Democrata Unido Peru","5D","Otros ingresos de campaña electoral","Ingreso","0.00","20/03/2026","","https://claridadportal.onpe.gob.pe/financiamiento-privado/informacion-financiera-campana-electoral","Registro cargado desde captura ONPE Claridad"
"Partido Democrata Unido Peru","6A","Gastos de propaganda electoral efectuados en medios de comunicación","Gasto","0.00","20/03/2026","","https://claridadportal.onpe.gob.pe/financiamiento-privado/informacion-financiera-campana-electoral","Registro cargado desde captura ONPE Claridad"
"Partido Democrata Unido Peru","6B","Otros gastos de propaganda electoral","Gasto","18340.00","20/03/2026","","https://claridadportal.onpe.gob.pe/financiamiento-privado/informacion-financiera-campana-electoral","Registro cargado desde captura ONPE Claridad"
"Partido Democrata Unido Peru","6C","Otros gastos de campaña electoral distintos a la propaganda electoral","Gasto","21105.97","20/03/2026","","https://claridadportal.onpe.gob.pe/financiamiento-privado/informacion-financiera-campana-electoral","Registro cargado desde captura ONPE Claridad"
"Partido Democrata Verde","5A","Saldo inicial de campaña electoral","Ingreso","0.00","20/03/2026","","https://claridadportal.onpe.gob.pe/financiamiento-privado/informacion-financiera-campana-electoral","Registro cargado desde captura ONPE Claridad"
"Partido Democrata Verde","5B","Aportaciones individuales en efectivo y en especie","Ingreso","24650.00","20/03/2026","","https://claridadportal.onpe.gob.pe/financiamiento-privado/informacion-financiera-campana-electoral","Registro cargado desde captura ONPE Claridad"
"Partido Democrata Verde","5C","Ingreso por actividades de financiamiento proselitista","Ingreso","0.00","20/03/2026","","https://claridadportal.onpe.gob.pe/financiamiento-privado/informacion-financiera-campana-electoral","Registro cargado desde captura ONPE Claridad"
"Partido Democrata Verde","5D","Otros ingresos de campaña electoral","Ingreso","10700.00","20/03/2026","","https://claridadportal.onpe.gob.pe/financiamiento-privado/informacion-financiera-campana-electoral","Registro cargado desde captura ONPE Claridad"
"Partido Democrata Verde","6A","Gastos de propaganda electoral efectuados en medios de comunicación","Gasto","0.00","20/03/2026","","https://claridadportal.onpe.gob.pe/financiamiento-privado/informacion-financiera-campana-electoral","Registro cargado desde captura ONPE Claridad"
"Partido Democrata Verde","6B","Otros gastos de propaganda electoral","Gasto","5900.00","20/03/2026","","https://claridadportal.onpe.gob.pe/financiamiento-privado/informacion-financiera-campana-electoral","Registro cargado desde captura ONPE Claridad"
"Partido Democrata Verde","6C","Otros gastos de campaña electoral distintos a la propaganda electoral","Gasto","28519.57","20/03/2026","","https://claridadportal.onpe.gob.pe/financiamiento-privado/informacion-financiera-campana-electoral","Registro cargado desde captura ONPE Claridad"
"Partido Democratico Federal","5A","Saldo inicial de campaña electoral","Ingreso","0.00","20/03/2026","","https://claridadportal.onpe.gob.pe/financiamiento-privado/informacion-financiera-campana-electoral","Registro cargado desde captura ONPE Claridad"
"Partido Democratico Federal","5B","Aportaciones individuales en efectivo y en especie","Ingreso","104721.60","20/03/2026","","https://claridadportal.onpe.gob.pe/financiamiento-privado/informacion-financiera-campana-electoral","Registro cargado desde captura ONPE Claridad"
"Partido Democratico Federal","5C","Ingreso por actividades de financiamiento proselitista","Ingreso","0.00","20/03/2026","","https://claridadportal.onpe.gob.pe/financiamiento-privado/informacion-financiera-campana-electoral","Registro cargado desde captura ONPE Claridad"
"Partido Democratico Federal","5D","Otros ingresos de campaña electoral","Ingreso","0.00","20/03/2026","","https://claridadportal.onpe.gob.pe/financiamiento-privado/informacion-financiera-campana-electoral","Registro cargado desde captura ONPE Claridad"
"Partido Democratico Federal","6A","Gastos de propaganda electoral efectuados en medios de comunicación","Gasto","18000.00","20/03/2026","","https://claridadportal.onpe.gob.pe/financiamiento-privado/informacion-financiera-campana-electoral","Registro cargado desde captura ONPE Claridad"
"Partido Democratico Federal","6B","Otros gastos de propaganda electoral","Gasto","9600.00","20/03/2026","","https://claridadportal.onpe.gob.pe/financiamiento-privado/informacion-financiera-campana-electoral","Registro cargado desde captura ONPE Claridad"
"Partido Democratico Federal","6C","Otros gastos de campaña electoral distintos a la propaganda electoral","Gasto","75966.00","20/03/2026","","https://claridadportal.onpe.gob.pe/financiamiento-privado/informacion-financiera-campana-electoral","Registro cargado desde captura ONPE Claridad"
"Partido Democratico Somos Peru","5A","Saldo inicial de campaña electoral","Ingreso","0.00","20/03/2026","","https://claridadportal.onpe.gob.pe/financiamiento-privado/informacion-financiera-campana-electoral","Registro cargado desde captura ONPE Claridad"
"Partido Democratico Somos Peru","5B","Aportaciones individuales en efectivo y en especie","Ingreso","1026567.77","20/03/2026","","https://claridadportal.onpe.gob.pe/financiamiento-privado/informacion-financiera-campana-electoral","Registro cargado desde captura ONPE Claridad"
"Partido Democratico Somos Peru","5C","Ingreso por actividades de financiamiento proselitista","Ingreso","0.00","20/03/2026","","https://claridadportal.onpe.gob.pe/financiamiento-privado/informacion-financiera-campana-electoral","Registro cargado desde captura ONPE Claridad"
"Partido Democratico Somos Peru","5D","Otros ingresos de campaña electoral","Ingreso","0.00","20/03/2026","","https://claridadportal.onpe.gob.pe/financiamiento-privado/informacion-financiera-campana-electoral","Registro cargado desde captura ONPE Claridad"
"Partido Democratico Somos Peru","6A","Gastos de propaganda electoral efectuados en medios de comunicación","Gasto","1172.79","20/03/2026","","https://claridadportal.onpe.gob.pe/financiamiento-privado/informacion-financiera-campana-electoral","Registro cargado desde captura ONPE Claridad"
"Partido Democratico Somos Peru","6B","Otros gastos de propaganda electoral","Gasto","30116.00","20/03/2026","","https://claridadportal.onpe.gob.pe/financiamiento-privado/informacion-financiera-campana-electoral","Registro cargado desde captura ONPE Claridad"
"Partido Democratico Somos Peru","6C","Otros gastos de campaña electoral distintos a la propaganda electoral","Gasto","39232.56","20/03/2026","","https://claridadportal.onpe.gob.pe/financiamiento-privado/informacion-financiera-campana-electoral","Registro cargado desde captura ONPE Claridad"
"Partido Frente de la Esperanza 2021","5A","Saldo inicial de campaña electoral","Ingreso","0.00","20/03/2026","","https://claridadportal.onpe.gob.pe/financiamiento-privado/informacion-financiera-campana-electoral","Registro cargado desde captura ONPE Claridad"
"Partido Frente de la Esperanza 2021","5B","Aportaciones individuales en efectivo y en especie","Ingreso","111751.50","20/03/2026","","https://claridadportal.onpe.gob.pe/financiamiento-privado/informacion-financiera-campana-electoral","Registro cargado desde captura ONPE Claridad"
"Partido Frente de la Esperanza 2021","5C","Ingreso por actividades de financiamiento proselitista","Ingreso","0.00","20/03/2026","","https://claridadportal.onpe.gob.pe/financiamiento-privado/informacion-financiera-campana-electoral","Registro cargado desde captura ONPE Claridad"
"Partido Frente de la Esperanza 2021","5D","Otros ingresos de campaña electoral","Ingreso","0.00","20/03/2026","","https://claridadportal.onpe.gob.pe/financiamiento-privado/informacion-financiera-campana-electoral","Registro cargado desde captura ONPE Claridad"
"Partido Frente de la Esperanza 2021","6A","Gastos de propaganda electoral efectuados en medios de comunicación","Gasto","0.00","20/03/2026","","https://claridadportal.onpe.gob.pe/financiamiento-privado/informacion-financiera-campana-electoral","Registro cargado desde captura ONPE Claridad"
"Partido Frente de la Esperanza 2021","6B","Otros gastos de propaganda electoral","Gasto","0.00","20/03/2026","","https://claridadportal.onpe.gob.pe/financiamiento-privado/informacion-financiera-campana-electoral","Registro cargado desde captura ONPE Claridad"
"Partido Frente de la Esperanza 2021","6C","Otros gastos de campaña electoral distintos a la propaganda electoral","Gasto","111751.50","20/03/2026","","https://claridadportal.onpe.gob.pe/financiamiento-privado/informacion-financiera-campana-electoral","Registro cargado desde captura ONPE Claridad"
"Partido Morado","5A","Saldo inicial de campaña electoral","Ingreso","0.00","20/03/2026","","https://claridadportal.onpe.gob.pe/financiamiento-privado/informacion-financiera-campana-electoral","Registro cargado desde captura ONPE Claridad"
"Partido Morado","5B","Aportaciones individuales en efectivo y en especie","Ingreso","109036.85","20/03/2026","","https://claridadportal.onpe.gob.pe/financiamiento-privado/informacion-financiera-campana-electoral","Registro cargado desde captura ONPE Claridad"
"Partido Morado","5C","Ingreso por actividades de financiamiento proselitista","Ingreso","0.00","20/03/2026","","https://claridadportal.onpe.gob.pe/financiamiento-privado/informacion-financiera-campana-electoral","Registro cargado desde captura ONPE Claridad"
"Partido Morado","5D","Otros ingresos de campaña electoral","Ingreso","0.00","20/03/2026","","https://claridadportal.onpe.gob.pe/financiamiento-privado/informacion-financiera-campana-electoral","Registro cargado desde captura ONPE Claridad"
"Partido Morado","6A","Gastos de propaganda electoral efectuados en medios de comunicación","Gasto","0.00","20/03/2026","","https://claridadportal.onpe.gob.pe/financiamiento-privado/informacion-financiera-campana-electoral","Registro cargado desde captura ONPE Claridad"
"Partido Morado","6B","Otros gastos de propaganda electoral","Gasto","0.00","20/03/2026","","https://claridadportal.onpe.gob.pe/financiamiento-privado/informacion-financiera-campana-electoral","Registro cargado desde captura ONPE Claridad"
"Partido Morado","6C","Otros gastos de campaña electoral distintos a la propaganda electoral","Gasto","34833.88","20/03/2026","","https://claridadportal.onpe.gob.pe/financiamiento-privado/informacion-financiera-campana-electoral","Registro cargado desde captura ONPE Claridad"
"Partido Pais Para Todos","5A","Saldo inicial de campaña electoral","Ingreso","0.00","20/03/2026","","https://claridadportal.onpe.gob.pe/financiamiento-privado/informacion-financiera-campana-electoral","Registro cargado desde captura ONPE Claridad"
"Partido Pais Para Todos","5B","Aportaciones individuales en efectivo y en especie","Ingreso","67300.00","20/03/2026","","https://claridadportal.onpe.gob.pe/financiamiento-privado/informacion-financiera-campana-electoral","Registro cargado desde captura ONPE Claridad"
"Partido Pais Para Todos","5C","Ingreso por actividades de financiamiento proselitista","Ingreso","0.00","20/03/2026","","https://claridadportal.onpe.gob.pe/financiamiento-privado/informacion-financiera-campana-electoral","Registro cargado desde captura ONPE Claridad"
"Partido Pais Para Todos","5D","Otros ingresos de campaña electoral","Ingreso","0.00","20/03/2026","","https://claridadportal.onpe.gob.pe/financiamiento-privado/informacion-financiera-campana-electoral","Registro cargado desde captura ONPE Claridad"
"Partido Pais Para Todos","6A","Gastos de propaganda electoral efectuados en medios de comunicación","Gasto","7700.00","20/03/2026","","https://claridadportal.onpe.gob.pe/financiamiento-privado/informacion-financiera-campana-electoral","Registro cargado desde captura ONPE Claridad"
"Partido Pais Para Todos","6B","Otros gastos de propaganda electoral","Gasto","0.00","20/03/2026","","https://claridadportal.onpe.gob.pe/financiamiento-privado/informacion-financiera-campana-electoral","Registro cargado desde captura ONPE Claridad"
"Partido Pais Para Todos","6C","Otros gastos de campaña electoral distintos a la propaganda electoral","Gasto","56982.12","20/03/2026","","https://claridadportal.onpe.gob.pe/financiamiento-privado/informacion-financiera-campana-electoral","Registro cargado desde captura ONPE Claridad"
"Partido Patriotico del Peru","5A","Saldo inicial de campaña electoral","Ingreso","0.00","20/03/2026","","https://claridadportal.onpe.gob.pe/financiamiento-privado/informacion-financiera-campana-electoral","Registro cargado desde captura ONPE Claridad"
"Partido Patriotico del Peru","5B","Aportaciones individuales en efectivo y en especie","Ingreso","31900.00","20/03/2026","","https://claridadportal.onpe.gob.pe/financiamiento-privado/informacion-financiera-campana-electoral","Registro cargado desde captura ONPE Claridad"
"Partido Patriotico del Peru","5C","Ingreso por actividades de financiamiento proselitista","Ingreso","0.00","20/03/2026","","https://claridadportal.onpe.gob.pe/financiamiento-privado/informacion-financiera-campana-electoral","Registro cargado desde captura ONPE Claridad"
"Partido Patriotico del Peru","5D","Otros ingresos de campaña electoral","Ingreso","0.00","20/03/2026","","https://claridadportal.onpe.gob.pe/financiamiento-privado/informacion-financiera-campana-electoral","Registro cargado desde captura ONPE Claridad"
"Partido Patriotico del Peru","6A","Gastos de propaganda electoral efectuados en medios de comunicación","Gasto","0.00","20/03/2026","","https://claridadportal.onpe.gob.pe/financiamiento-privado/informacion-financiera-campana-electoral","Registro cargado desde captura ONPE Claridad"
"Partido Patriotico del Peru","6B","Otros gastos de propaganda electoral","Gasto","57714.21","20/03/2026","","https://claridadportal.onpe.gob.pe/financiamiento-privado/informacion-financiera-campana-electoral","Registro cargado desde captura ONPE Claridad"
"Partido Patriotico del Peru","6C","Otros gastos de campaña electoral distintos a la propaganda electoral","Gasto","200499.51","20/03/2026","","https://claridadportal.onpe.gob.pe/financiamiento-privado/informacion-financiera-campana-electoral","Registro cargado desde captura ONPE Claridad"
"Partido Politico Cooperacion Popular","5A","Saldo inicial de campaña electoral","Ingreso","0.00","20/03/2026","","https://claridadportal.onpe.gob.pe/financiamiento-privado/informacion-financiera-campana-electoral","Registro cargado desde captura ONPE Claridad"
"Partido Politico Cooperacion Popular","5B","Aportaciones individuales en efectivo y en especie","Ingreso","146144.60","20/03/2026","","https://claridadportal.onpe.gob.pe/financiamiento-privado/informacion-financiera-campana-electoral","Registro cargado desde captura ONPE Claridad"
"Partido Politico Cooperacion Popular","5C","Ingreso por actividades de financiamiento proselitista","Ingreso","0.00","20/03/2026","","https://claridadportal.onpe.gob.pe/financiamiento-privado/informacion-financiera-campana-electoral","Registro cargado desde captura ONPE Claridad"
"Partido Politico Cooperacion Popular","5D","Otros ingresos de campaña electoral","Ingreso","0.00","20/03/2026","","https://claridadportal.onpe.gob.pe/financiamiento-privado/informacion-financiera-campana-electoral","Registro cargado desde captura ONPE Claridad"
"Partido Politico Cooperacion Popular","6A","Gastos de propaganda electoral efectuados en medios de comunicación","Gasto","15565.98","20/03/2026","","https://claridadportal.onpe.gob.pe/financiamiento-privado/informacion-financiera-campana-electoral","Registro cargado desde captura ONPE Claridad"
"Partido Politico Cooperacion Popular","6B","Otros gastos de propaganda electoral","Gasto","56375.00","20/03/2026","","https://claridadportal.onpe.gob.pe/financiamiento-privado/informacion-financiera-campana-electoral","Registro cargado desde captura ONPE Claridad"
"Partido Politico Cooperacion Popular","6C","Otros gastos de campaña electoral distintos a la propaganda electoral","Gasto","72580.80","20/03/2026","","https://claridadportal.onpe.gob.pe/financiamiento-privado/informacion-financiera-campana-electoral","Registro cargado desde captura ONPE Claridad"
"Partido Politico Integridad Democratica","5A","Saldo inicial de campaña electoral","Ingreso","2151.32","20/03/2026","","https://claridadportal.onpe.gob.pe/financiamiento-privado/informacion-financiera-campana-electoral","Registro cargado desde captura ONPE Claridad"
"Partido Politico Integridad Democratica","5B","Aportaciones individuales en efectivo y en especie","Ingreso","189500.00","20/03/2026","","https://claridadportal.onpe.gob.pe/financiamiento-privado/informacion-financiera-campana-electoral","Registro cargado desde captura ONPE Claridad"
"Partido Politico Integridad Democratica","5C","Ingreso por actividades de financiamiento proselitista","Ingreso","124312.30","20/03/2026","","https://claridadportal.onpe.gob.pe/financiamiento-privado/informacion-financiera-campana-electoral","Registro cargado desde captura ONPE Claridad"
"Partido Politico Integridad Democratica","5D","Otros ingresos de campaña electoral","Ingreso","0.00","20/03/2026","","https://claridadportal.onpe.gob.pe/financiamiento-privado/informacion-financiera-campana-electoral","Registro cargado desde captura ONPE Claridad"
"Partido Politico Integridad Democratica","6A","Gastos de propaganda electoral efectuados en medios de comunicación","Gasto","450.00","20/03/2026","","https://claridadportal.onpe.gob.pe/financiamiento-privado/informacion-financiera-campana-electoral","Registro cargado desde captura ONPE Claridad"
"Partido Politico Integridad Democratica","6B","Otros gastos de propaganda electoral","Gasto","1700.00","20/03/2026","","https://claridadportal.onpe.gob.pe/financiamiento-privado/informacion-financiera-campana-electoral","Registro cargado desde captura ONPE Claridad"
"Partido Politico Integridad Democratica","6C","Otros gastos de campaña electoral distintos a la propaganda electoral","Gasto","198076.33","20/03/2026","","https://claridadportal.onpe.gob.pe/financiamiento-privado/informacion-financiera-campana-electoral","Registro cargado desde captura ONPE Claridad"
"Partido Politico Peru Accion","5A","Saldo inicial de campaña electoral","Ingreso","0.00","20/03/2026","","https://claridadportal.onpe.gob.pe/financiamiento-privado/informacion-financiera-campana-electoral","Registro cargado desde captura ONPE Claridad"
"Partido Politico Peru Accion","5B","Aportaciones individuales en efectivo y en especie","Ingreso","19196.12","20/03/2026","","https://claridadportal.onpe.gob.pe/financiamiento-privado/informacion-financiera-campana-electoral","Registro cargado desde captura ONPE Claridad"
"Partido Politico Peru Accion","5C","Ingreso por actividades de financiamiento proselitista","Ingreso","0.00","20/03/2026","","https://claridadportal.onpe.gob.pe/financiamiento-privado/informacion-financiera-campana-electoral","Registro cargado desde captura ONPE Claridad"
"Partido Politico Peru Accion","5D","Otros ingresos de campaña electoral","Ingreso","0.00","20/03/2026","","https://claridadportal.onpe.gob.pe/financiamiento-privado/informacion-financiera-campana-electoral","Registro cargado desde captura ONPE Claridad"
"Partido Politico Peru Accion","6A","Gastos de propaganda electoral efectuados en medios de comunicación","Gasto","5980.00","20/03/2026","","https://claridadportal.onpe.gob.pe/financiamiento-privado/informacion-financiera-campana-electoral","Registro cargado desde captura ONPE Claridad"
"Partido Politico Peru Accion","6B","Otros gastos de propaganda electoral","Gasto","0.00","20/03/2026","","https://claridadportal.onpe.gob.pe/financiamiento-privado/informacion-financiera-campana-electoral","Registro cargado desde captura ONPE Claridad"
"Partido Politico Peru Accion","6C","Otros gastos de campaña electoral distintos a la propaganda electoral","Gasto","9216.12","20/03/2026","","https://claridadportal.onpe.gob.pe/financiamiento-privado/informacion-financiera-campana-electoral","Registro cargado desde captura ONPE Claridad"
"Partido Politico Peru Primero","5A","Saldo inicial de campaña electoral","Ingreso","0.00","20/03/2026","","https://claridadportal.onpe.gob.pe/financiamiento-privado/informacion-financiera-campana-electoral","Registro cargado desde captura ONPE Claridad"
"Partido Politico Peru Primero","5B","Aportaciones individuales en efectivo y en especie","Ingreso","19614.30","20/03/2026","","https://claridadportal.onpe.gob.pe/financiamiento-privado/informacion-financiera-campana-electoral","Registro cargado desde captura ONPE Claridad"
"Partido Politico Peru Primero","5C","Ingreso por actividades de financiamiento proselitista","Ingreso","0.00","20/03/2026","","https://claridadportal.onpe.gob.pe/financiamiento-privado/informacion-financiera-campana-electoral","Registro cargado desde captura ONPE Claridad"
"Partido Politico Peru Primero","5D","Otros ingresos de campaña electoral","Ingreso","914292.63","20/03/2026","","https://claridadportal.onpe.gob.pe/financiamiento-privado/informacion-financiera-campana-electoral","Registro cargado desde captura ONPE Claridad"
"Partido Politico Peru Primero","6A","Gastos de propaganda electoral efectuados en medios de comunicación","Gasto","0.00","20/03/2026","","https://claridadportal.onpe.gob.pe/financiamiento-privado/informacion-financiera-campana-electoral","Registro cargado desde captura ONPE Claridad"
"Partido Politico Peru Primero","6B","Otros gastos de propaganda electoral","Gasto","243000.50","20/03/2026","","https://claridadportal.onpe.gob.pe/financiamiento-privado/informacion-financiera-campana-electoral","Registro cargado desde captura ONPE Claridad"
"Partido Politico Peru Primero","6C","Otros gastos de campaña electoral distintos a la propaganda electoral","Gasto","302317.39","20/03/2026","","https://claridadportal.onpe.gob.pe/financiamiento-privado/informacion-financiera-campana-electoral","Registro cargado desde captura ONPE Claridad"
"Partido Politico PRIN","5A","Saldo inicial de campaña electoral","Ingreso","0.00","20/03/2026","","https://claridadportal.onpe.gob.pe/financiamiento-privado/informacion-financiera-campana-electoral","Registro cargado desde captura ONPE Claridad"
"Partido Politico PRIN","5B","Aportaciones individuales en efectivo y en especie","Ingreso","0.00","20/03/2026","","https://claridadportal.onpe.gob.pe/financiamiento-privado/informacion-financiera-campana-electoral","Registro cargado desde captura ONPE Claridad"
"Partido Politico PRIN","5C","Ingreso por actividades de financiamiento proselitista","Ingreso","0.00","20/03/2026","","https://claridadportal.onpe.gob.pe/financiamiento-privado/informacion-financiera-campana-electoral","Registro cargado desde captura ONPE Claridad"
"Partido Politico PRIN","5D","Otros ingresos de campaña electoral","Ingreso","0.00","20/03/2026","","https://claridadportal.onpe.gob.pe/financiamiento-privado/informacion-financiera-campana-electoral","Registro cargado desde captura ONPE Claridad"
"Partido Politico PRIN","6A","Gastos de propaganda electoral efectuados en medios de comunicación","Gasto","0.00","20/03/2026","","https://claridadportal.onpe.gob.pe/financiamiento-privado/informacion-financiera-campana-electoral","Registro cargado desde captura ONPE Claridad"
"Partido Politico PRIN","6B","Otros gastos de propaganda electoral","Gasto","0.00","20/03/2026","","https://claridadportal.onpe.gob.pe/financiamiento-privado/informacion-financiera-campana-electoral","Registro cargado desde captura ONPE Claridad"
"Partido Politico PRIN","6C","Otros gastos de campaña electoral distintos a la propaganda electoral","Gasto","0.00","20/03/2026","","https://claridadportal.onpe.gob.pe/financiamiento-privado/informacion-financiera-campana-electoral","Registro cargado desde captura ONPE Claridad"
"Partido Politico Nacional Peru Libre","5A","Saldo inicial de campaña electoral","Ingreso","0.00","20/03/2026","","https://claridadportal.onpe.gob.pe/financiamiento-privado/informacion-financiera-campana-electoral","Registro cargado desde captura ONPE Claridad"
"Partido Politico Nacional Peru Libre","5B","Aportaciones individuales en efectivo y en especie","Ingreso","27500.00","20/03/2026","","https://claridadportal.onpe.gob.pe/financiamiento-privado/informacion-financiera-campana-electoral","Registro cargado desde captura ONPE Claridad"
"Partido Politico Nacional Peru Libre","5C","Ingreso por actividades de financiamiento proselitista","Ingreso","0.00","20/03/2026","","https://claridadportal.onpe.gob.pe/financiamiento-privado/informacion-financiera-campana-electoral","Registro cargado desde captura ONPE Claridad"
"Partido Politico Nacional Peru Libre","5D","Otros ingresos de campaña electoral","Ingreso","0.00","20/03/2026","","https://claridadportal.onpe.gob.pe/financiamiento-privado/informacion-financiera-campana-electoral","Registro cargado desde captura ONPE Claridad"
"Partido Politico Nacional Peru Libre","6A","Gastos de propaganda electoral efectuados en medios de comunicación","Gasto","0.00","20/03/2026","","https://claridadportal.onpe.gob.pe/financiamiento-privado/informacion-financiera-campana-electoral","Registro cargado desde captura ONPE Claridad"
"Partido Politico Nacional Peru Libre","6B","Otros gastos de propaganda electoral","Gasto","0.00","20/03/2026","","https://claridadportal.onpe.gob.pe/financiamiento-privado/informacion-financiera-campana-electoral","Registro cargado desde captura ONPE Claridad"
"Partido Politico Nacional Peru Libre","6C","Otros gastos de campaña electoral distintos a la propaganda electoral","Gasto","27500.00","20/03/2026","","https://claridadportal.onpe.gob.pe/financiamiento-privado/informacion-financiera-campana-electoral","Registro cargado desde captura ONPE Claridad"
"Partido Sicreo","5A","Saldo inicial de campaña electoral","Ingreso","0.00","20/03/2026","","https://claridadportal.onpe.gob.pe/financiamiento-privado/informacion-financiera-campana-electoral","Registro cargado desde captura ONPE Claridad"
"Partido Sicreo","5B","Aportaciones individuales en efectivo y en especie","Ingreso","488429.72","20/03/2026","","https://claridadportal.onpe.gob.pe/financiamiento-privado/informacion-financiera-campana-electoral","Registro cargado desde captura ONPE Claridad"
"Partido Sicreo","5C","Ingreso por actividades de financiamiento proselitista","Ingreso","0.00","20/03/2026","","https://claridadportal.onpe.gob.pe/financiamiento-privado/informacion-financiera-campana-electoral","Registro cargado desde captura ONPE Claridad"
"Partido Sicreo","5D","Otros ingresos de campaña electoral","Ingreso","0.00","20/03/2026","","https://claridadportal.onpe.gob.pe/financiamiento-privado/informacion-financiera-campana-electoral","Registro cargado desde captura ONPE Claridad"
"Partido Sicreo","6A","Gastos de propaganda electoral efectuados en medios de comunicación","Gasto","65025.00","20/03/2026","","https://claridadportal.onpe.gob.pe/financiamiento-privado/informacion-financiera-campana-electoral","Registro cargado desde captura ONPE Claridad"
"Partido Sicreo","6B","Otros gastos de propaganda electoral","Gasto","127708.34","20/03/2026","","https://claridadportal.onpe.gob.pe/financiamiento-privado/informacion-financiera-campana-electoral","Registro cargado desde captura ONPE Claridad"
"Partido Sicreo","6C","Otros gastos de campaña electoral distintos a la propaganda electoral","Gasto","38469.99","20/03/2026","","https://claridadportal.onpe.gob.pe/financiamiento-privado/informacion-financiera-campana-electoral","Registro cargado desde captura ONPE Claridad"
"Peru Moderno","5A","Saldo inicial de campaña electoral","Ingreso","0.00","20/03/2026","","https://claridadportal.onpe.gob.pe/financiamiento-privado/informacion-financiera-campana-electoral","Registro cargado desde captura ONPE Claridad"
"Peru Moderno","5B","Aportaciones individuales en efectivo y en especie","Ingreso","174569.67","20/03/2026","","https://claridadportal.onpe.gob.pe/financiamiento-privado/informacion-financiera-campana-electoral","Registro cargado desde captura ONPE Claridad"
"Peru Moderno","5C","Ingreso por actividades de financiamiento proselitista","Ingreso","0.00","20/03/2026","","https://claridadportal.onpe.gob.pe/financiamiento-privado/informacion-financiera-campana-electoral","Registro cargado desde captura ONPE Claridad"
"Peru Moderno","5D","Otros ingresos de campaña electoral","Ingreso","0.00","20/03/2026","","https://claridadportal.onpe.gob.pe/financiamiento-privado/informacion-financiera-campana-electoral","Registro cargado desde captura ONPE Claridad"
"Peru Moderno","6A","Gastos de propaganda electoral efectuados en medios de comunicación","Gasto","77400.00","20/03/2026","","https://claridadportal.onpe.gob.pe/financiamiento-privado/informacion-financiera-campana-electoral","Registro cargado desde captura ONPE Claridad"
"Peru Moderno","6B","Otros gastos de propaganda electoral","Gasto","13520.00","20/03/2026","","https://claridadportal.onpe.gob.pe/financiamiento-privado/informacion-financiera-campana-electoral","Registro cargado desde captura ONPE Claridad"
"Peru Moderno","6C","Otros gastos de campaña electoral distintos a la propaganda electoral","Gasto","83649.67","20/03/2026","","https://claridadportal.onpe.gob.pe/financiamiento-privado/informacion-financiera-campana-electoral","Registro cargado desde captura ONPE Claridad"
"Renovacion Popular","5A","Saldo inicial de campaña electoral","Ingreso","0.00","20/03/2026","","https://claridadportal.onpe.gob.pe/financiamiento-privado/informacion-financiera-campana-electoral","Registro cargado desde captura ONPE Claridad"
"Renovacion Popular","5B","Aportaciones individuales en efectivo y en especie","Ingreso","573538.55","20/03/2026","","https://claridadportal.onpe.gob.pe/financiamiento-privado/informacion-financiera-campana-electoral","Registro cargado desde captura ONPE Claridad"
"Renovacion Popular","5C","Ingreso por actividades de financiamiento proselitista","Ingreso","0.00","20/03/2026","","https://claridadportal.onpe.gob.pe/financiamiento-privado/informacion-financiera-campana-electoral","Registro cargado desde captura ONPE Claridad"
"Renovacion Popular","5D","Otros ingresos de campaña electoral","Ingreso","0.00","20/03/2026","","https://claridadportal.onpe.gob.pe/financiamiento-privado/informacion-financiera-campana-electoral","Registro cargado desde captura ONPE Claridad"
"Renovacion Popular","6A","Gastos de propaganda electoral efectuados en medios de comunicación","Gasto","53310.04","20/03/2026","","https://claridadportal.onpe.gob.pe/financiamiento-privado/informacion-financiera-campana-electoral","Registro cargado desde captura ONPE Claridad"
"Renovacion Popular","6B","Otros gastos de propaganda electoral","Gasto","176122.59","20/03/2026","","https://claridadportal.onpe.gob.pe/financiamiento-privado/informacion-financiera-campana-electoral","Registro cargado desde captura ONPE Claridad"
"Renovacion Popular","6C","Otros gastos de campaña electoral distintos a la propaganda electoral","Gasto","344105.92","20/03/2026","","https://claridadportal.onpe.gob.pe/financiamiento-privado/informacion-financiera-campana-electoral","Registro cargado desde captura ONPE Claridad"
"Salvemos al Peru","5A","Saldo inicial de campaña electoral","Ingreso","0.00","20/03/2026","","https://claridadportal.onpe.gob.pe/financiamiento-privado/informacion-financiera-campana-electoral","Registro cargado desde captura ONPE Claridad"
"Salvemos al Peru","5B","Aportaciones individuales en efectivo y en especie","Ingreso","20298.10","20/03/2026","","https://claridadportal.onpe.gob.pe/financiamiento-privado/informacion-financiera-campana-electoral","Registro cargado desde captura ONPE Claridad"
"Salvemos al Peru","5C","Ingreso por actividades de financiamiento proselitista","Ingreso","0.00","20/03/2026","","https://claridadportal.onpe.gob.pe/financiamiento-privado/informacion-financiera-campana-electoral","Registro cargado desde captura ONPE Claridad"
"Salvemos al Peru","5D","Otros ingresos de campaña electoral","Ingreso","0.00","20/03/2026","","https://claridadportal.onpe.gob.pe/financiamiento-privado/informacion-financiera-campana-electoral","Registro cargado desde captura ONPE Claridad"
"Salvemos al Peru","6A","Gastos de propaganda electoral efectuados en medios de comunicación","Gasto","7980.00","20/03/2026","","https://claridadportal.onpe.gob.pe/financiamiento-privado/informacion-financiera-campana-electoral","Registro cargado desde captura ONPE Claridad"
"Salvemos al Peru","6B","Otros gastos de propaganda electoral","Gasto","2770.00","20/03/2026","","https://claridadportal.onpe.gob.pe/financiamiento-privado/informacion-financiera-campana-electoral","Registro cargado desde captura ONPE Claridad"
"Salvemos al Peru","6C","Otros gastos de campaña electoral distintos a la propaganda electoral","Gasto","9548.10","20/03/2026","","https://claridadportal.onpe.gob.pe/financiamiento-privado/informacion-financiera-campana-electoral","Registro cargado desde captura ONPE Claridad"
"Unidad Nacional","5A","Saldo inicial de campaña electoral","Ingreso","0.00","20/03/2026","","https://claridadportal.onpe.gob.pe/financiamiento-privado/informacion-financiera-campana-electoral","Registro cargado desde captura ONPE Claridad"
"Unidad Nacional","5B","Aportaciones individuales en efectivo y en especie","Ingreso","46668.90","20/03/2026","","https://claridadportal.onpe.gob.pe/financiamiento-privado/informacion-financiera-campana-electoral","Registro cargado desde captura ONPE Claridad"
"Unidad Nacional","5C","Ingreso por actividades de financiamiento proselitista","Ingreso","0.00","20/03/2026","","https://claridadportal.onpe.gob.pe/financiamiento-privado/informacion-financiera-campana-electoral","Registro cargado desde captura ONPE Claridad"
"Unidad Nacional","5D","Otros ingresos de campaña electoral","Ingreso","0.00","20/03/2026","","https://claridadportal.onpe.gob.pe/financiamiento-privado/informacion-financiera-campana-electoral","Registro cargado desde captura ONPE Claridad"
"Unidad Nacional","6A","Gastos de propaganda electoral efectuados en medios de comunicación","Gasto","43800.00","20/03/2026","","https://claridadportal.onpe.gob.pe/financiamiento-privado/informacion-financiera-campana-electoral","Registro cargado desde captura ONPE Claridad"
"Unidad Nacional","6B","Otros gastos de propaganda electoral","Gasto","0.00","20/03/2026","","https://claridadportal.onpe.gob.pe/financiamiento-privado/informacion-financiera-campana-electoral","Registro cargado desde captura ONPE Claridad"
"Unidad Nacional","6C","Otros gastos de campaña electoral distintos a la propaganda electoral","Gasto","2368.90","20/03/2026","","https://claridadportal.onpe.gob.pe/financiamiento-privado/informacion-financiera-campana-electoral","Registro cargado desde captura ONPE Claridad"
"Podemos Peru","5A","Saldo inicial de campaña electoral","Ingreso","0.21","20/03/2026","","https://claridadportal.onpe.gob.pe/financiamiento-privado/informacion-financiera-campana-electoral","Registro cargado desde captura ONPE Claridad"
"Podemos Peru","5B","Aportaciones individuales en efectivo y en especie","Ingreso","274794.39","20/03/2026","","https://claridadportal.onpe.gob.pe/financiamiento-privado/informacion-financiera-campana-electoral","Registro cargado desde captura ONPE Claridad"
"Podemos Peru","5C","Ingreso por actividades de financiamiento proselitista","Ingreso","217287.83","20/03/2026","","https://claridadportal.onpe.gob.pe/financiamiento-privado/informacion-financiera-campana-electoral","Registro cargado desde captura ONPE Claridad"
"Podemos Peru","5D","Otros ingresos de campaña electoral","Ingreso","27.22","20/03/2026","","https://claridadportal.onpe.gob.pe/financiamiento-privado/informacion-financiera-campana-electoral","Registro cargado desde captura ONPE Claridad"
"Podemos Peru","6A","Gastos de propaganda electoral efectuados en medios de comunicación","Gasto","0.00","20/03/2026","","https://claridadportal.onpe.gob.pe/financiamiento-privado/informacion-financiera-campana-electoral","Registro cargado desde captura ONPE Claridad"
"Podemos Peru","6B","Otros gastos de propaganda electoral","Gasto","33632.60","20/03/2026","","https://claridadportal.onpe.gob.pe/financiamiento-privado/informacion-financiera-campana-electoral","Registro cargado desde captura ONPE Claridad"
"Podemos Peru","6C","Otros gastos de campaña electoral distintos a la propaganda electoral","Gasto","143228.20","20/03/2026","","https://claridadportal.onpe.gob.pe/financiamiento-privado/informacion-financiera-campana-electoral","Registro cargado desde captura ONPE Claridad"
"Primero la Gente - Comunidad, Ecologia, Libertad y Progreso","5A","Saldo inicial de campaña electoral","Ingreso","123.03","20/03/2026","","https://claridadportal.onpe.gob.pe/financiamiento-privado/informacion-financiera-campana-electoral","Registro cargado desde captura ONPE Claridad"
"Primero la Gente - Comunidad, Ecologia, Libertad y Progreso","5B","Aportaciones individuales en efectivo y en especie","Ingreso","160992.73","20/03/2026","","https://claridadportal.onpe.gob.pe/financiamiento-privado/informacion-financiera-campana-electoral","Registro cargado desde captura ONPE Claridad"
"Primero la Gente - Comunidad, Ecologia, Libertad y Progreso","5C","Ingreso por actividades de financiamiento proselitista","Ingreso","61000.00","20/03/2026","","https://claridadportal.onpe.gob.pe/financiamiento-privado/informacion-financiera-campana-electoral","Registro cargado desde captura ONPE Claridad"
"Primero la Gente - Comunidad, Ecologia, Libertad y Progreso","5D","Otros ingresos de campaña electoral","Ingreso","0.00","20/03/2026","","https://claridadportal.onpe.gob.pe/financiamiento-privado/informacion-financiera-campana-electoral","Registro cargado desde captura ONPE Claridad"
"Primero la Gente - Comunidad, Ecologia, Libertad y Progreso","6A","Gastos de propaganda electoral efectuados en medios de comunicación","Gasto","17400.00","20/03/2026","","https://claridadportal.onpe.gob.pe/financiamiento-privado/informacion-financiera-campana-electoral","Registro cargado desde captura ONPE Claridad"
"Primero la Gente - Comunidad, Ecologia, Libertad y Progreso","6B","Otros gastos de propaganda electoral","Gasto","29151.62","20/03/2026","","https://claridadportal.onpe.gob.pe/financiamiento-privado/informacion-financiera-campana-electoral","Registro cargado desde captura ONPE Claridad"
"Primero la Gente - Comunidad, Ecologia, Libertad y Progreso","6C","Otros gastos de campaña electoral distintos a la propaganda electoral","Gasto","138489.83","20/03/2026","","https://claridadportal.onpe.gob.pe/financiamiento-privado/informacion-financiera-campana-electoral","Registro cargado desde captura ONPE Claridad"
"Progresemos","5A","Saldo inicial de campaña electoral","Ingreso","4814.90","20/03/2026","","https://claridadportal.onpe.gob.pe/financiamiento-privado/informacion-financiera-campana-electoral","Registro cargado desde captura ONPE Claridad"
"Progresemos","5B","Aportaciones individuales en efectivo y en especie","Ingreso","121725.50","20/03/2026","","https://claridadportal.onpe.gob.pe/financiamiento-privado/informacion-financiera-campana-electoral","Registro cargado desde captura ONPE Claridad"
"Progresemos","5C","Ingreso por actividades de financiamiento proselitista","Ingreso","0.00","20/03/2026","","https://claridadportal.onpe.gob.pe/financiamiento-privado/informacion-financiera-campana-electoral","Registro cargado desde captura ONPE Claridad"
"Progresemos","5D","Otros ingresos de campaña electoral","Ingreso","0.00","20/03/2026","","https://claridadportal.onpe.gob.pe/financiamiento-privado/informacion-financiera-campana-electoral","Registro cargado desde captura ONPE Claridad"
"Progresemos","6A","Gastos de propaganda electoral efectuados en medios de comunicación","Gasto","0.00","20/03/2026","","https://claridadportal.onpe.gob.pe/financiamiento-privado/informacion-financiera-campana-electoral","Registro cargado desde captura ONPE Claridad"
"Progresemos","6B","Otros gastos de propaganda electoral","Gasto","0.00","20/03/2026","","https://claridadportal.onpe.gob.pe/financiamiento-privado/informacion-financiera-campana-electoral","Registro cargado desde captura ONPE Claridad"
"Progresemos","6C","Otros gastos de campaña electoral distintos a la propaganda electoral","Gasto","101992.63","20/03/2026","","https://claridadportal.onpe.gob.pe/financiamiento-privado/informacion-financiera-campana-electoral","Registro cargado desde captura ONPE Claridad"
"Un Camino Diferente","5A","Saldo inicial de campaña electoral","Ingreso","10000.00","27/03/2026","","https://claridadportal.onpe.gob.pe/financiamiento-privado/informacion-financiera-campana-electoral","Registro cargado desde captura ONPE Claridad"
"Un Camino Diferente","5B","Aportaciones individuales en efectivo y en especie","Ingreso","72916.00","27/03/2026","","https://claridadportal.onpe.gob.pe/financiamiento-privado/informacion-financiera-campana-electoral","Registro cargado desde captura ONPE Claridad"
"Un Camino Diferente","5C","Ingreso por actividades de financiamiento proselitista","Ingreso","9210.00","27/03/2026","","https://claridadportal.onpe.gob.pe/financiamiento-privado/informacion-financiera-campana-electoral","Registro cargado desde captura ONPE Claridad"
"Un Camino Diferente","5D","Otros ingresos de campaña electoral","Ingreso","0.00","27/03/2026","","https://claridadportal.onpe.gob.pe/financiamiento-privado/informacion-financiera-campana-electoral","Registro cargado desde captura ONPE Claridad"
"Un Camino Diferente","6A","Gastos de propaganda electoral efectuados en medios de comunicación","Gasto","0.00","27/03/2026","","https://claridadportal.onpe.gob.pe/financiamiento-privado/informacion-financiera-campana-electoral","Registro cargado desde captura ONPE Claridad"
"Un Camino Diferente","6B","Otros gastos de propaganda electoral","Gasto","0.00","27/03/2026","","https://claridadportal.onpe.gob.pe/financiamiento-privado/informacion-financiera-campana-electoral","Registro cargado desde captura ONPE Claridad"
"Un Camino Diferente","6C","Otros gastos de campaña electoral distintos a la propaganda electoral","Gasto","0.00","27/03/2026","","https://claridadportal.onpe.gob.pe/financiamiento-privado/informacion-financiera-campana-electoral","Registro cargado desde captura ONPE Claridad"
